"","words","frequency"
"4242","the",1187
"4283","to",656
"887","a",506
"3151","of",460
"1082","and",452
"4534","was",379
"4243","The",315
"2469","in",290
"1363","by",220
"1654","crashed",214
"1","",212
"181","<br/>",208
"3173","on",204
"1866","drone",202
"1163","at",183
"1007","aircraft",171
"2152","flight",159
"1845","down",146
"1074","an",144
"2215","from",135
"2181","for",125
"1143","as",123
"977","after",118
"4630","with",108
"2608","it",104
"1886","during",102
"4387","UAV",102
"273","<br/>The",100
"1001","Air",85
"3154","off",85
"2798","lost",83
"3901","shot",81
"1597","control",80
"4574","were",80
"4241","that",74
"1655","Crashed",70
"1881","due",70
"1953","engine",70
"2560","into",70
"3230","over",67
"2069","failure",63
"2028","Expended",61
"2692","landing",56
"2912","military",56
"4601","when",55
"4209","technical",54
"4437","unmanned",54
"1665","crew",52
"2295","ground",51
"2937","missile",51
"3532","RAF",50
"1779","destroyed",49
"888","A",48
"2616","its",47
"3112","not",47
"2794","loss",46
"1686","damage",44
"3322","pilot",44
"2836","malfunction",43
"2944","mission",42
"4168","System",42
"2184","Force",41
"2589","is",41
"4230","test",41
"3747","runway",40
"4167","system",40
"1525","Command",39
"2324","had",39
"1749","Delivered",38
"4604","which",38
"2343","have",37
"2565","Investigation",36
"2751","link",36
"3083","no",36
"921","Accident",35
"1360","but",35
"1311","Board",34
"1266","be",33
"1272","been",33
"3902","Shot",33
"1122","area",32
"2341","has",32
"3624","released",32
"3650","reported",32
"4260","this",32
"4456","US",32
"4605","while",32
"1610","conversion",31
"3054","near",31
"3207","or",31
"3646","report",31
"4373","U10",30
"1277","being",29
"1414","cause",29
"3596","recovered",29
"4457","US$",29
"1000","air",28
"1064","altitude",28
"1075","An",28
"1650","crash",28
"2153","Flight",28
"2609","It",28
"2137","first",27
"3186","operated",26
"4386","UAS",26
"911","about",25
"1418","caused",25
"2065","failed",25
"3379","power",25
"4028","Squadron",25
"4194","target",25
"2187","forces",24
"2932","mishap",24
"3174","On",24
"3517","RAAF",24
"3754","Russian",24
"920","accident",23
"1104","approach",23
"1691","damaged",23
"1781","DESTROYED",23
"2030","experienced",23
"2199","found",23
"3811","sea",23
"1452","charge",22
"1521","Combat",22
"1932","emergency",22
"2760","Llanbedr",22
"3225","out",22
"4312","training",22
"4667","Written",22
"1009","AIRCRAFT",21
"1903","Edinburgh",21
"2169","flying",21
"2378","high",21
"3343","plane",21
"4165","Syrian",21
"4452","upon",21
"178","&amp;",20
"953","aerial",20
"1666","Crew",20
"2462","impacted",20
"4187","takeoff",20
"4438","Unmanned",20
"1388","Canberra",19
"1849","downed",19
"2130","fire",19
"2227","fuel",19
"2517","injuries",19
"3023","MU",19
"3164","oil",19
"3482","publicly",19
"3856","service",19
"4411","under",19
"966","AFB",18
"1112","approximately",18
"1264","Bay",18
"1396","Cardigan",18
"2098","feet",18
"2125","findings",18
"2460","impact",18
"2564","investigation",18
"3188","operating",18
"3762","SA",18
"3769","said",18
"3933","site",18
"4225","terrain",18
"4284","To",18
"4377","U16",18
"1008","Aircraft",17
"1136","Army",17
"1232","B2",17
"1252","base",17
"2463","IMPACTED",17
"2689","land",17
"4183","take-off",17
"4276","time",17
"4365","two",17
"4447","up",17
"4481","vehicle",17
"970","Afghanistan",16
"2110","field",16
"2601","Israeli",16
"2800","LOST",16
"3008","MQ-1B",16
"3009","MQ-1B;",16
"3178","one",16
"3653","reportedly",16
"3681","result",16
"3689","return",16
"3855","Served",16
"3894","Short",16
"4109","such",16
"4446","until",16
"4649","Woomera",16
"2","-",15
"168","(UAV)",15
"1273","before",15
"1280","Belfast",15
"1524","command",15
"1887","During",15
"2177","following",15
"2339","Harland",15
"2412","hours",15
"2908","miles",15
"3018","MRPA",15
"3085","NO",15
"4062","station",15
"4100","subsequently",15
"4661","wreckage",15
"1253","Base",14
"1352","Built",14
"1602","controlled",14
"1635","could",14
"1765","descent",14
"2518","INJURIES",14
"2816","MA",14
"2819","made",14
"2871","MC",14
"2891","Meteor",14
"3014","MQ-9",14
"3015","MQ-9A",14
"3374","Post",14
"3394","Predator",14
"3589","reconnaissance",14
"3600","recovery",14
"4027","Sqn",14
"4063","Station",14
"4316","transfer",14
"4461","used",14
"1345","Brothers",13
"1701","data",13
"2364","helicopter",13
"2482","incident",13
"2725","left",13
"2870","May",13
"3683","resulting",13
"4030","Squadrons",13
"4088","Struck",13
"4140","surveillance",13
"4333","trials",13
"4395","Ukrainian",13
"4538","Washington",13
"4658","would",13
"216","<br/>Converted",12
"536","2",12
"930","ACFT",12
"1191","Australia",12
"1208","AV",12
"1748","delivered",12
"1796","determined",12
"2515","initiated",12
"2856","March",12
"2873","MCE",12
"3408","pressure",12
"3435","procedures",12
"3690","returned",12
"3692","returning",12
"3987","South",12
"4163","Syria",12
"4252","There",12
"4318","Transferred",12
"4561","weather",12
"4571","went",12
"566","2016",11
"1012","airfield",11
"1092","any",11
"1130","armed",11
"1181","attempted",11
"1213","Aviation",11
"1407","Cat",11
"1421","causing",11
"1780","Destroyed",11
"1807","did",11
"2188","Forces",11
"2498","indication",11
"2599","Israel",11
"2807","Ltd",11
"3016","MQ-9A;",11
"3579","received",11
"4432","unknown",11
"387","12",10
"567","2017",10
"577","21",10
"685","30",10
"1138","around",10
"1274","began",10
"1508","coded",10
"1583","continued",10
"1782","DESTROYED;",10
"1930","EM",10
"2346","he",10
"2644","June",10
"2646","just",10
"2649","Kandahar",10
"2825","maintain",10
"3084","No",10
"3266","part",10
"3446","programme",10
"3611","Refuelling",10
"3642","Repaired",10
"3726","routine",10
"3840","sent",10
"3959","so",10
"4001","Special",10
"4087","struck",10
"4114","suffered",10
"4147","sustained",10
"4249","then",10
"4261","This",10
"4292","took",10
"4294","total",10
"4401","unable",10
"4607","whilst",10
"354","1",9
"682","3(R)",9
"985","against",9
"1233","back",9
"1295","between",9
"1310","board",9
"1479","claim",9
"1480","claimed",9
"1575","contact",9
"1755","DEPARTED",9
"1921","electrical",9
"2004","evidence",9
"2270","Gloster",9
"2535","installed",9
"2556","internal",9
"2704","later",9
"2706","launch",9
"2930","minutes",9
"3052","Navy",9
"3139","obviously",9
"3153","OF",9
"3175","ON",9
"3193","operations",9
"3194","Operations",9
"3196","operator",9
"3220","other",9
"3367","position",9
"3634","remote",9
"3893","short",9
"3978","sortie",9
"3986","south",9
"4024","spray",9
"4362","turned",9
"784","5",8
"1182","attempting",8
"1261","battery",8
"1320","border",8
"1347","brought",8
"1474","circumstances",8
"1514","collided",8
"1537","company",8
"1564","confirmed",8
"1598","Control",8
"1763","descended",8
"1893","early",8
"1920","Electric",8
"1965","English",8
"1970","entered",8
"2072","FAILURE;",8
"2138","First",8
"2149","flew",8
"2168","fly",8
"2248","gear",8
"2516","injured",8
"2604","Issued",8
"2629","January",8
"2770","located",8
"2805","LRE",8
"2960","mode",8
"3003","MP",8
"3200","operators",8
"3216","Orlan-10",8
"3463","property",8
"3739","RTB",8
"3761","S7044",8
"3776","SAM",8
"3934","Site",8
"3970","some",8
"3990","southern",8
"4169","systems",8
"4178","tail",8
"4353","turbocharger",8
"4360","Turkish",8
"4460","use",8
"4623","wing",8
"4624","Wing",8
"4635","within",8
"4636","without",8
"563","2014",7
"564","2015",7
"652","27",7
"721","33",7
"897","AAIB",7
"927","according",7
"928","According",7
"1020","Airport",7
"1021","airspace",7
"1051","allow",7
"1099","apparently",7
"1110","approx",7
"1164","At",7
"1381","came",7
"1382","camera",7
"1496","close",7
"1520","combat",7
"1728","Defence",7
"1737","degrees",7
"1754","departed",7
"1852","downlink",7
"1983","error",7
"2027","expended",7
"2031","EXPERIENCED",7
"2162","flown",7
"2440","icing",7
"2458","immediately",7
"2540","insufficient",7
"2579","Iranian",7
"2626","Jalalabad",7
"2749","line",7
"2753","LINK;",7
"2764","LNA",7
"2772","location",7
"2811","Lyneham",7
"2852","manufacturer",7
"2893","meters",7
"2897","Mexico",7
"3006","MQ-1",7
"3092","normal",7
"3107","nose",7
"3180","only",7
"3190","operation",7
"3355","point",7
"3406","President",7
"3525","radio",7
"3636","remotely",7
"3647","Report",7
"3655","reports",7
"3897","shortly",7
"4080","strike",7
"4231","Test",7
"4246","their",7
"4317","transferred",7
"4524","Wales",7
"4529","warning",7
"4619","will",7
"177","/",6
"356","10",6
"440","15",6
"562","2013",6
"744","4",6
"751","41",6
"866","9",6
"886","9th",6
"978","After",6
"979","AFTER",6
"990","AGL",6
"1041","all",6
"1056","also",6
"1114","April",6
"1135","army",6
"1190","August",6
"1222","away",6
"1239","bad",6
"1306","Bloodhound",6
"1356","burned",6
"1377","California",6
"1481","claims",6
"1556","conditions",6
"1558","conducting",6
"1572","console",6
"1617","coolant",6
"1656","CRASHED",6
"1703","database",6
"1867","Drone",6
"1954","Engine",6
"2016","executed",6
"2106","few",6
"2122","final",6
"2176","followed",6
"2186","forced",6
"2334","handover",6
"2360","height",6
"2397","hit",6
"2424","however",6
"2425","However",6
"2470","In",6
"2487","including",6
"2494","Indian",6
"2499","indications",6
"2576","Iran",6
"2716","leak",6
"2795","Loss",6
"2828","maintenance",6
"2849","manual",6
"2869","may",6
"2896","metres",6
"2938","Missile",6
"2977","monitor",6
"2990","mountain",6
"3013","MQ-8B",6
"3046","Naval",6
"3067","Nevada",6
"3078","night",6
"3147","October",6
"3192","operational",6
"3307","personal",6
"3309","persons",6
"3327","piloted",6
"3370","possible",6
"3475","province",6
"3543","range",6
"3549","rate",6
"3682","resulted",6
"3729","RPM",6
"3738","RS",6
"3785","satellite",6
"3839","sensor",6
"3924","significant",6
"3965","software",6
"4094","student",6
"4103","substantially",6
"4291","too",6
"4361","turn",6
"4366","Tyndall",6
"4383","UA",6
"4426","unit",6
"4458","USAF",6
"4576","west",6
"4602","where",6
"4621","wind",6
"4675","Yemen",6
"32","""On",5
"212","<br/>Cause:",5
"242","<br/>It",5
"271","<br/>Struck",5
"274","<br/>There",5
"289","<br/>Written",5
"407","13",5
"493","18",5
"523","1961",5
"540","20",5
"558","2011",5
"576","20th",5
"811","6",5
"832","7",5
"898","AAM",5
"982","again",5
"1010","aircraft's",5
"1022","airspeed",5
"1050","Allocated",5
"1078","analysis",5
"1121","are",5
"1140","arrived",5
"1154","assessed",5
"1180","attempt",5
"1201","automatic",5
"1378","call",5
"1392","car",5
"1411","caught",5
"1475","city",5
"1484","Class",5
"1488","clear",5
"1489","climb",5
"1503","coast",5
"1548","components",5
"1550","computer",5
"1557","conducted",5
"1574","construction",5
"1611","converted",5
"1664","Creech",5
"1670","crisis",5
"1687","Damage",5
"1716","debris",5
"1747","deliberately",5
"1762","descend",5
"1846","Down",5
"1911","Egypt",5
"1940","encountered",5
"1955","ENGINE",5
"1964","engines",5
"1982","erroneous",5
"1986","ERS",5
"1998","event",5
"2008","exact",5
"2025","Expeditionary",5
"2053","F8",5
"2058","factor",5
"2071","FAILURE",5
"2131","Fire",5
"2197","forward",5
"2256","GENERATOR",5
"2279","Goodwood",5
"2314","Gulf",5
"2415","Houthi",5
"2443","identified",5
"2642","July",5
"2670","known",5
"2709","launched",5
"2736","life",5
"2752","LINK",5
"2767","local",5
"2786","long",5
"2799","Lost",5
"2802","low",5
"2845","manifold",5
"2916","million",5
"2926","Ministry",5
"2929","minute",5
"2945","Mission",5
"2980","more",5
"3043","National",5
"3069","new",5
"3114","NOT",5
"3144","occurred",5
"3166","OIL",5
"3176","on-board",5
"3214","origin",5
"3257","Pakistan",5
"3261","parachute",5
"3335","pitch",5
"3337","pitched",5
"3356","Point",5
"3401","preponderance",5
"3407","press",5
"3433","problems",5
"3443","profile",5
"3472","prototype",5
"3488","purpose",5
"3531","RAE",5
"3542","ran",5
"3544","Range",5
"3566","Reaper",5
"3576","rebels",5
"3617","region",5
"3691","Returned",5
"3723","rotorcraft",5
"3744","ruled",5
"3817","second",5
"3862","setting",5
"3885","ship",5
"4006","speed",5
"4056","stated",5
"4057","statement",5
"4112","Suez",5
"4208","team",5
"4218","temperature",5
"4228","territory",5
"4235","tests",5
"4239","than",5
"4251","there",5
"4257","they",5
"4268","thrust",5
"4406","uncommanded",5
"4501","village",5
"4546","waters",5
"4547","way",5
"4548","waypoints",5
"4577","West",5
"4606","While",5
"4632","Withdrawn",5
"4666","written",5
"157","(Tail",4
"196","<br/>A",4
"199","<br/>After",4
"226","<br/>During",4
"239","<br/>Israel",4
"276","<br/>This",4
"279","<br/>To",4
"370","10th",4
"521","1956",4
"550","200",4
"569","2018",4
"760","432d",4
"841","728B",4
"913","above",4
"926","accordance",4
"954","Aerial",4
"1131","Armed",4
"1145","As",4
"1156","assigned",4
"1170","Atlantic",4
"1172","Atomics",4
"1192","Australian",4
"1227","Azerbaijan",4
"1270","because",4
"1275","behind",4
"1303","Block",4
"1342","broke",4
"1429","CENTCOM",4
"1430","Center",4
"1433","Central",4
"1459","checklists",4
"1485","classified",4
"1505","cockpit",4
"1517","collision",4
"1527","commanded",4
"1534","communication",4
"1539","complete",4
"1568","connection",4
"1604","controller",4
"1646","crane",4
"1704","datalink",4
"1705","date",4
"1710","day",4
"1721","deck",4
"1722","declared",4
"1730","Defense",4
"1757","departure",4
"1760","deployed",4
"1769","desert",4
"1786","destruction",4
"1802","device",4
"1897","east",4
"1969","enter",4
"2048","F-16",4
"2059","factors",4
"2159","Florida",4
"2172","FOB",4
"2182","For",4
"2201","four",4
"2234","further",4
"2246","GCS",4
"2252","General",4
"2284","GPS",4
"2333","Handley",4
"2336","hard",4
"2344","having",4
"2350","heading",4
"2377","Hezbollah",4
"2393","his",4
"2400","hold",4
"2418","Houti",4
"2472","in-flight",4
"2512","initial",4
"2528","inputs",4
"2557","international",4
"2566","investigators",4
"2584","Iraqi",4
"2603","issued",4
"2667","km",4
"2684","lack",4
"2691","landed",4
"2701","last",4
"2723","Lebanon",4
"2730","level",4
"2733","Libya",4
"2740","lightning",4
"2793","losing",4
"2797","LOSS;",4
"2814","m",4
"2910","militants",4
"2962","model",4
"2992","mountainous",4
"3002","moving",4
"3044","nautical",4
"3050","navigators",4
"3125","Nr",4
"3128","number",4
"3159","official",4
"3183","open",4
"3197","Operator",4
"3245","own",4
"3254","PAF",4
"3255","Page",4
"3278","Patriot",4
"3283","pattern",4
"3313","Phantom",4
"3420","primary",4
"3429","probably",4
"3432","problem",4
"3444","program",4
"3518","race",4
"3546","Ranges",4
"3548","rapidly",4
"3590","Reconnaissance",4
"3594","recover",4
"3669","respond",4
"3674","Responsibility",4
"3702","right",4
"3715","rocket",4
"3745","run",4
"3748","RUNWAY",4
"3752","Rushton",4
"3766","safety",4
"3767","Safety",4
"3812","Sea",4
"3829","seized",4
"3837","send",4
"3860","set",4
"3900","Shorts",4
"3911","shut",4
"3919","sign",4
"4014","spin",4
"4049","started",4
"4059","States",4
"4084","striking",4
"4097","study",4
"4099","subsequent",4
"4107","successful",4
"4130","support",4
"4134","surface-to-air",4
"4170","Systems",4
"4182","take",4
"4199","Tarrant",4
"4200","tasked",4
"4226","TERRAIN",4
"4227","TERRAIN;",4
"4262","three",4
"4267","through",4
"4303","towards",4
"4305","town",4
"4356","turbulence",4
"4358","Turkey",4
"4397","ultimately",4
"4399","un-commanded",4
"4429","United",4
"4464","using",4
"4466","USS",4
"4482","Vehicle",4
"4494","vicinity",4
"4527","war",4
"4614","who",4
"4648","wooded",4
"4653","working",4
"4659","WRE",4
"4678","yet",4
"47","""undisclosed",3
"71","(AAIB)",3
"90","(destroyed)",3
"104","(FSA)",3
"126","(MC)",3
"166","(UAS)",3
"185","<br/>""The",3
"187","<br/>*",3
"234","<br/>In",3
"251","<br/>Nobody",3
"259","<br/>Photos",3
"268","<br/>Shot",3
"288","<br/>Withdrawn",3
"310","$",3
"371","11",3
"380","115",3
"386","11th",3
"422","14",3
"455","16",3
"522","1960",3
"580","211",3
"583","21st",3
"630","245",3
"637","250",3
"650","263",3
"671","29",3
"775","466million",3
"776","46million",3
"806","57",3
"810","5th",3
"831","6th",3
"844","76",3
"851","8",3
"870","90",3
"899","AB",3
"902","Abbreviated",3
"903","Aberporth",3
"906","ability",3
"908","abnormal",3
"917","ACC",3
"959","Aerospace",3
"967","AFB-based",3
"1015","airframe",3
"1023","Airspeeder",3
"1042","All",3
"1083","AND",3
"1084","ANG",3
"1097","Aphrodite",3
"1123","Area",3
"1126","Arizona",3
"1127","arm",3
"1139","arresting",3
"1153","assess",3
"1162","Aston",3
"1187","ATU",3
"1195","auto",3
"1199","automated",3
"1206","autopilot",3
"1217","Avons",3
"1218","Avro",3
"1229","B",3
"1237","backward",3
"1257","based",3
"1268","bearing",3
"1269","became",3
"1296","beyond",3
"1298","Biggin",3
"1314","Bomarc",3
"1324","both",3
"1351","built",3
"1379","called",3
"1386","can",3
"1404","case",3
"1460","checks",3
"1473","circuit",3
"1478","civilian",3
"1499","cloud",3
"1540","completed",3
"1547","component",3
"1578","contacted",3
"1586","Contract",3
"1587","contractor",3
"1594","contributing",3
"1603","CONTROLLED",3
"1612","Converted",3
"1627","Corps",3
"1634","cost",3
"1639","country",3
"1641","course",3
"1663","created",3
"1679","cylinder",3
"1707","DATE:",3
"1719","December",3
"1725","deemed",3
"1729","defense",3
"1764","descending",3
"1772","designed",3
"1791","detect",3
"1795","determine",3
"1797","determines",3
"1829","district",3
"1832","ditched",3
"1833","dive",3
"1836","Djibouti",3
"1844","Dorset",3
"1882","Due",3
"1885","duration",3
"1888","DURING",3
"1900","Eastern",3
"1908","efforts",3
"1924","electronic",3
"1925","element",3
"1926","Element",3
"1937","empty",3
"1942","end",3
"1978","equipped",3
"1990","establish",3
"1996","evaluation",3
"2013","excessive",3
"2015","execute",3
"2018","Executive",3
"2033","experimental",3
"2037","extensive",3
"2061","FADEC",3
"2068","failing",3
"2083","Far",3
"2087","fast",3
"2100","fell",3
"2113","fighter",3
"2114","fighters",3
"2133","fired",3
"2136","firing",3
"2147","fleet",3
"2148","Fleet",3
"2178","Following",3
"2192","forest",3
"2193","Forest",3
"2211","Free",3
"2224","Ft",3
"2226","FTS",3
"2258","Germany",3
"2269","Global",3
"2271","GNA",3
"2273","go",3
"2296","Ground",3
"2303","group",3
"2311","Guidance",3
"2317","gust",3
"2319","gyro",3
"2327","Hal",3
"2348","head",3
"2368","Hellfire",3
"2387","Hill",3
"2413","house",3
"2414","houses",3
"2422","hovering",3
"2445","IDF",3
"2449","if",3
"2475","inability",3
"2478","inadequate",3
"2495","indicate",3
"2504","Industries",3
"2538","instructor",3
"2549","intention",3
"2552","intercepted",3
"2562","inverted",3
"2574","IP",3
"2582","Iranian-made",3
"2591","ISAF",3
"2595","Island",3
"2597","iso",3
"2634","jet",3
"2655","kg",3
"2695","LANDING;",3
"2703","late",3
"2744","like",3
"2792","lose",3
"2796","LOSS",3
"2804","lower",3
"2823","main",3
"2829","Maintenance",3
"2840","Malta",3
"2855","mapping",3
"2906","mile",3
"2924","Minister",3
"2927","minor",3
"2936","missed",3
"2939","missile""",3
"2941","missiles",3
"2954","Mk",3
"2957","MoA",3
"2970","module",3
"2978","monitored",3
"2981","morning",3
"2983","most",3
"2999","movement",3
"3020","MSL",3
"3025","Mugu",3
"3049","navigational",3
"3057","nearby",3
"3070","New",3
"3095","north",3
"3101","northeast",3
"3106","Nos",3
"3113","Not",3
"3116","noted",3
"3122","November",3
"3161","officials",3
"3182","onto",3
"3191","Operation",3
"3201","Operators",3
"3221","Other",3
"3239","overheated",3
"3267","Part",3
"3271","parts",3
"3289","Pearson",3
"3298","performance",3
"3301","performing",3
"3303","period",3
"3328","pilotless",3
"3329","pilots",3
"3340","place",3
"3345","planned",3
"3350","plot",3
"3353","pm",3
"3385","PPO-1",3
"3390","pre-flight",3
"3423","prior",3
"3426","private",3
"3428","probable",3
"3441","production",3
"3459","propeller",3
"3552","Raytheon",3
"3559","reacting",3
"3570","reason",3
"3575","rebel",3
"3592","recorded",3
"3615","regarding",3
"3629","remainder",3
"3643","repairs",3
"3663","research",3
"3676","rest",3
"3705","River",3
"3709","RNAS",3
"3713","rocked",3
"3722","rotor",3
"3727","Royal",3
"3736","RQ-7",3
"3741","ruddervator",3
"3757","RWY",3
"3758","S",3
"3783","Sargodha",3
"3789","saw",3
"3824","see",3
"3847","September",3
"3857","Service",3
"3858","servo",3
"3866","severe",3
"3891","shoot",3
"3904","show",3
"3905","showed",3
"3920","signal",3
"3921","signals",3
"3938","situation",3
"3940","six",3
"3946","sky",3
"3953","slow",3
"3984","source",3
"4039","stall",3
"4051","starter-generator",3
"4075","storage",3
"4078","straight-in",3
"4085","strong",3
"4090","structural",3
"4108","successfully",3
"4129","supply",3
"4148","Sustained",3
"4158","switched",3
"4160","switching",3
"4191","Taliban",3
"4234","testing",3
"4238","Thales",3
"4248","them",3
"4255","these",3
"4259","third",3
"4269","THRUST",3
"4280","times",3
"4329","tree",3
"4342","truck",3
"4350","turbo",3
"4370","U",3
"4375","U14",3
"4402","Unable",3
"4418","undisclosed",3
"4431","University",3
"4442","unrecoverable",3
"4470","V-tail",3
"4479","veered",3
"4484","vehicles",3
"4489","very",3
"4496","video",3
"4519","voltage",3
"4540","watching",3
"4541","Watchkeeper",3
"4543","WATER",3
"4559","weapons",3
"4608","Whilst",3
"4611","Whiteman",3
"4627","wingspan",3
"4651","work",3
"4687","zone",3
"26","""flying",2
"45","""The",2
"51","""We",2
"58","(1)",2
"62","(2)",2
"70","(a",2
"89","(damaged",2
"103","(from",2
"111","(hereinafter",2
"112","(high",2
"118","(including",2
"121","(licensed",2
"127","(MCE)",2
"129","(MP)",2
"136","(one",2
"138","(pilot",2
"142","(probably",2
"165","(UA)",2
"171","(US",2
"175","(Z)",2
"189","<br/>1",2
"202","<br/>An",2
"205","<br/>Approximately",2
"207","<br/>As",2
"208","<br/>At",2
"231","<br/>However",2
"241","<br/>Issued",2
"250","<br/>No",2
"255","<br/>On",2
"270","<br/>speed",2
"282","<br/>Unmanned",2
"285","<br/>Weather",2
"328","04/02/1954",2
"361","10/04/62",2
"366","1000",2
"374","110",2
"375","111",2
"385","11855",2
"421","13th",2
"431","14121961",2
"475","16th",2
"492","17th",2
"507","19",2
"508","19-cm",2
"535","1st",2
"551","2000",2
"559","201161",2
"560","2012",2
"584","22",2
"613","231",2
"659","28",2
"676","29/9/1960",2
"678","2K",2
"680","2nd",2
"705","30th",2
"706","31",2
"707","31/03/64",2
"718","31st",2
"728","35",2
"737","38",2
"743","3rd",2
"747","40",2
"748","400",2
"761","432nd",2
"767","45",2
"786","50",2
"800","53million",2
"802","54",2
"833","70",2
"843","75",2
"852","8/10/1957",2
"864","89",2
"890","A/C",2
"907","able",2
"912","About",2
"915","AC",2
"922","accident:",2
"932","across",2
"935","activated",2
"937","active",2
"945","adequate",2
"946","adjacent",2
"956","Aeronautical",2
"972","Africa",2
"974","AFRICOM",2
"986","age",2
"996","AIB",2
"997","AIM-7",2
"998","AIM-9",2
"1002","AIr",2
"1025","airstrike",2
"1027","airstrip",2
"1034","Alauda",2
"1045","allegedly",2
"1048","allied",2
"1049","allocated",2
"1054","along",2
"1055","alongside",2
"1058","altered",2
"1060","alternator",2
"1062","although",2
"1086","anomaly",2
"1087","another",2
"1094","AOR",2
"1095","AOR)",2
"1103","applied",2
"1128","Arm",2
"1150","assembly",2
"1151","Assembly",2
"1159","associated",2
"1175","attack",2
"1176","Attack",2
"1183","attempts",2
"1223","AWHERO",2
"1231","B-Hunter",2
"1234","back-up",2
"1243","Balasore",2
"1246","ballistic",2
"1251","Bartini",2
"1267","Beale",2
"1282","Belgian",2
"1289","below",2
"1293","Berlin",2
"1297","BG",2
"1313","bolt",2
"1316","bomb""",2
"1318","bomber",2
"1321","Border",2
"1325","Both",2
"1331","box",2
"1343","broken",2
"1344","Bros",2
"1350","build",2
"1368","C(A)",2
"1369","c/n",2
"1371","cable",2
"1387","Canada",2
"1397","cards",2
"1399","carried",2
"1405","Castor",2
"1410","catch",2
"1416","Cause:",2
"1417","cause(s)",2
"1420","causes",2
"1434","centre",2
"1438","certainty",2
"1445","Chancellorsville",2
"1447","change",2
"1450","changes",2
"1453","Charge",2
"1455","check-list",2
"1457","checklist",2
"1466","chief",2
"1467","children",2
"1477","civil",2
"1483","class",2
"1487","cleanup",2
"1490","climb-out",2
"1491","climbed",2
"1493","CLIMBOUT;",2
"1497","closed",2
"1502","coalition",2
"1504","Cobra",2
"1509","collapsed",2
"1522","combined",2
"1523","coming",2
"1528","Commander",2
"1532","commenced",2
"1535","communications",2
"1536","Communications",2
"1541","completely",2
"1543","completion",2
"1551","concept",2
"1554","concrete",2
"1566","conjunction",2
"1571","consisted",2
"1576","Contact",2
"1581","contemporary",2
"1585","continuing",2
"1599","CONTROL",2
"1600","CONTROL;",2
"1601","controllability",2
"1605","Controller",2
"1606","controllers",2
"1624","copy",2
"1628","correct",2
"1651","CRASH",2
"1660","crashes",2
"1669","crews",2
"1672","Critical",2
"1678","cut",2
"1682","D",2
"1689","DAMAGE;",2
"1692","Damaged",2
"1712","days",2
"1720","decision",2
"1724","decrease",2
"1727","defence",2
"1736","degraded",2
"1739","DeHavilland",2
"1750","delivery",2
"1753","denied",2
"1758","depleted",2
"1776","Despite",2
"1785","destructed",2
"1790","details",2
"1793","deteriorating",2
"1798","developed",2
"1806","diameter",2
"1808","died",2
"1812","directed",2
"1813","direction",2
"1814","Director",2
"1815","disabled",2
"1817","disappeared",2
"1834","divert",2
"1838","do",2
"1839","docks",2
"1873","drone)",2
"1875","drones",2
"1876","dropped",2
"1879","dual",2
"1880","DUAL",2
"1898","East",2
"1902","ECU",2
"1905","Edwards",2
"1910","EGT",2
"1915","either",2
"1922","ELECTRICAL",2
"1934","EMERGENCY",2
"1943","END",2
"1945","ending",2
"1948","ENG",2
"1968","ensure",2
"1971","ENTERED",2
"1972","entering",2
"1975","environmental",2
"1976","equipment",2
"1991","established",2
"1992","estate",2
"1993","estimated",2
"1999","eventual",2
"2000","eventually",2
"2009","examination",2
"2019","exercise",2
"2032","experiencing",2
"2047","F-15E",2
"2049","F-16C",2
"2052","F-4",2
"2054","FAA",2
"2055","face",2
"2056","facility",2
"2062","fail",2
"2064","FAIL;",2
"2066","Failed",2
"2074","failures",2
"2075","Fairey",2
"2079","Falcon",2
"2093","FCS",2
"2094","fears",2
"2095","February",2
"2101","fence",2
"2104","Festival",2
"2111","Field",2
"2115","fighting",2
"2140","five",2
"2144","flaps",2
"2154","FLIGHT",2
"2163","Flown",2
"2170","Flying",2
"2174","FOI",2
"2180","follows:",2
"2191","foreshore",2
"2214","Friday",2
"2223","ft",2
"2231","fully",2
"2233","function",2
"2241","gain",2
"2244","gathering",2
"2255","generator",2
"2281","government",2
"2287","Granat-4E",2
"2297","GROUND",2
"2299","ground-to-air",2
"2307","Guard",2
"2309","guards",2
"2312","guide",2
"2313","guided",2
"2316","gunwale",2
"2321","H480",2
"2337","HARD",2
"2345","Hawk",2
"2347","He",2
"2367","Hellcat",2
"2370","Helmand",2
"2373","Hercules",2
"2398","Hizballah",2
"2402","Holloman",2
"2403","Homs",2
"2409","hospital",2
"2410","hostile",2
"2411","hour",2
"2420","hover",2
"2438","IAI",2
"2441","icy",2
"2457","immediate",2
"2466","improper",2
"2471","IN",2
"2477","inaccurate",2
"2480","inadvertently",2
"2481","inches",2
"2486","included",2
"2488","Incorporated",2
"2506","inflight",2
"2527","input",2
"2531","inside",2
"2536","instead",2
"2542","intact",2
"2543","intelligence",2
"2544","Intelligence",2
"2545","intended",2
"2550","intentionally",2
"2551","Intentionally",2
"2554","interference",2
"2558","International",2
"2570","involving",2
"2581","Iranian-built",2
"2583","Iraq",2
"2587","Irish",2
"2590","IS",2
"2592","ISIS",2
"2598","ISR",2
"2602","issue",2
"2605","issues",2
"2611","it's",2
"2615","items",2
"2622","JAF",2
"2625","Jaish",2
"2627","jamming",2
"2640","Jordanian",2
"2651","keep",2
"2652","key",2
"2659","killed",2
"2663","kilometers",2
"2673","Kosovo",2
"2686","Lake",2
"2694","LANDING",2
"2699","largely",2
"2702","Lataminah",2
"2707","Launch",2
"2710","launching",2
"2713","leader",2
"2714","leading",2
"2717","lean",2
"2722","Lebanese",2
"2724","led",2
"2727","legs",2
"2735","Lieberman",2
"2745","likely",2
"2756","list",2
"2773","LOCATION",2
"2774","location""",2
"2784","London",2
"2785","Lone",2
"2787","longer",2
"2803","Low",2
"2834","making",2
"2837","MALFUNCTION;",2
"2851","manufactured",2
"2863","mass",2
"2865","Materiel",2
"2875","means",2
"2876","meant",2
"2879","MECHANICAL",2
"2881","media",2
"2882","medical",2
"2883","Mediterranean",2
"2884","medium",2
"2885","members",2
"2888","Merionethshire",2
"2889","messages",2
"2899","Mi-24",2
"2902","midair",2
"2913","Military",2
"2943","missing",2
"2949","missle",2
"2956","MMSO",2
"2968","mods",2
"2973","Mohajer-4",2
"2975","moment",2
"2989","Mount",2
"2993","mountains",2
"2995","mounted",2
"2996","move",2
"2997","moved",2
"3004","MP¬ís",2
"3007","MQ-1;",2
"3031","multiple",2
"3041","NAS",2
"3048","navigation",2
"3063","neighbouring",2
"3076","Nicosia",2
"3096","North",2
"3103","northern",2
"3104","Northern",2
"3119","notified",2
"3127","NTTR",2
"3134","o'clock",2
"3137","observer",2
"3146","Ocean",2
"3149","OCU",2
"3156","OFF",2
"3157","Officer",2
"3160","officially",2
"3162","Ogaki",2
"3170","OK)",2
"3179","One",2
"3184","opened",2
"3208","orbit",2
"3210","order",2
"3211","ORDERED",2
"3217","OSCE",2
"3219","Osu",2
"3224","our",2
"3229","outside",2
"3233","over-temp",2
"3244","overshoot",2
"3253","paddies",2
"3268","participating",2
"3276","path",2
"3295","per",2
"3296","Per",2
"3302","perimeter",2
"3305","permanently",2
"3306","Permit",2
"3321","pieces",2
"3323","Pilot",2
"3326","pilot's",2
"3330","Pine",2
"3333","piston",2
"3339","pitot",2
"3342","plan",2
"3348","platform",2
"3357","points",2
"3361","poor",2
"3375","posted",2
"3386","PPO-2",2
"3387","practice",2
"3392","pre-programmed",2
"3400","PREPARED",2
"3405","president",2
"3409","Pressure",2
"3416","prevented",2
"3417","previous",2
"3418","previously",2
"3437","processor",2
"3439","produced",2
"3447","programmed",2
"3452","Project",2
"3457","prop",2
"3462","properly",2
"3473","provide",2
"3483","published",2
"3490","put",2
"3492","PWR;",2
"3498","QF-4",2
"3500","QF-4E;",2
"3501","QRF-4C",2
"3509","quoted",2
"3520","Racing",2
"3523","radar",2
"3528","radiocontrolled",2
"3547","rapid",2
"3550","rather",2
"3551","Raynham",2
"3556","re-direct",2
"3557","reach",2
"3558","reached",2
"3569","rearwards",2
"3573","reasons",2
"3580","Received",2
"3599","RECOVERED;",2
"3601","Recovery",2
"3607","reestablish",2
"3609","referred",2
"3610","refuelling",2
"3616","regime",2
"3618","registered",2
"3619","registration",2
"3623","release",2
"3630","remained",2
"3632","remains",2
"3640","repair)",2
"3657","Republic",2
"3658","request",2
"3659","required",2
"3661","rescue",2
"3664","Research",2
"3694","revert",2
"3699","rice",2
"3716","rod",2
"3717","roll",2
"3719","rolled",2
"3721","roof",2
"3734","RQ-4A",2
"3765","safely",2
"3772","sailors",2
"3775","salvaged",2
"3777","SAM)",2
"3780","Sanaa",2
"3781","Sands",2
"3786","Saturday",2
"3788","Saudi",2
"3796","scene",2
"3799","Schiebel",2
"3802","Scout",2
"3808","SD",2
"3815","Searcher)",2
"3816","Seaslug",2
"3819","secondary",2
"3820","seconds",2
"3822","secure",2
"3823","secured",2
"3826","seems",2
"3830","selected",2
"3842","separated",2
"3846","Sept",2
"3850","Serial",2
"3851","series",2
"3854","served",2
"3865","several",2
"3880","sheared",2
"3886","Ship",2
"3888","ship¬ís",2
"3895","SHORT",2
"3912","SI",2
"3917","sight",2
"3927","simulated",2
"3935","Site;",2
"3936","site:",2
"3941","Six",2
"3950","slightly",2
"3951","slipped",2
"3955","small",2
"3963","social",2
"3967","Soldiers",2
"3980","SOS",2
"3985","sources",2
"3991","Southern",2
"3992","southwest",2
"4004","specifically",2
"4007","Speed",2
"4012","spikes",2
"4015","spiral",2
"4019","spokesman",2
"4025","spun",2
"4032","St",2
"4035","STAB",2
"4037","staff",2
"4040","stalled",2
"4043","standard",2
"4047","starboard",2
"4050","starter",2
"4052","starting",2
"4053","starvation",2
"4054","state",2
"4058","states",2
"4061","stating",2
"4067","steep",2
"4070","still",2
"4076","stored",2
"4077","straight",2
"4102","substantial",2
"4110","Sudanese",2
"4111","suddenly",2
"4115","suffering",2
"4120","suggested",2
"4122","summary",2
"4132","surface",2
"4136","SURFACE;",2
"4151","SW",2
"4154","Sweden",2
"4156","Swiss",2
"4157","switch",2
"4174","T/O;",2
"4185","TAKE-OFF;",2
"4188","TAKEOFF;",2
"4190","taking",2
"4192","Talos",2
"4195","Target",2
"4196","target)",2
"4202","taxi",2
"4203","taxied",2
"4216","temp",2
"4240","thas",2
"4253","Therefore",2
"4271","Thunderbird",2
"4273","Thursday",2
"4277","Time",2
"4285","TO",2
"4288","Tokyo",2
"4300","touched",2
"4302","toward",2
"4311","traffic",2
"4313","Training",2
"4315","trajectory",2
"4319","transit",2
"4320","transited",2
"4321","transmission",2
"4323","transmitting",2
"4324","Transport",2
"4325","Transportation",2
"4328","traveled",2
"4331","tri-axis",2
"4335","trials:",2
"4336","tried",2
"4337","trim",2
"4338","Tripoli",2
"4363","turning",2
"4364","turns",2
"4367","type",2
"4369","Typhoon",2
"4381","U21A",2
"4389","UAVs",2
"4392","Ukraine",2
"4404","unarmed",2
"4407","UNCOMMANDED",2
"4412","UNDER",2
"4423","unidentified",2
"4424","uninhabited",2
"4428","Unit)",2
"4434","UNKNOWN",2
"4441","unpopulated",2
"4472","valued",2
"4473","valve",2
"4505","violated",2
"4517","VMSC",2
"4530","Warning",2
"4535","Was",2
"4539","watch",2
"4542","water",2
"4560","Weapons",2
"4567","weighs",2
"4570","well",2
"4575","were:",2
"4597","WH921",2
"4599","wheel",2
"4600","wheels",2
"4603","Whetstone",2
"4610","White",2
"4612","Whitney",2
"4626","wings",2
"4644","WK450",2
"4655","Worksop",2
"4662","Wreckage",2
"4668","wrong",2
"4671","X-55",2
"4690","Zulu",2
"3",":",1
"4","'590'",1
"5","'C'",1
"6","'J';",1
"7","'splashed'",1
"8","'zero'",1
"9","""",1
"10","""656""",1
"11","""656/HF""",1
"12","""A",1
"13","""Aerorazvedka",1
"14","""al",1
"15","""An",1
"16","""B""",1
"17","""completion",1
"18","""destroyed",1
"19","""Destroyed",1
"20","""Donetsk",1
"21","""down""",1
"22","""Down""",1
"23","""during",1
"24","""Extensively",1
"25","""First",1
"27","""installation",1
"28","""Investigations",1
"29","""Knights",1
"30","""Land",1
"31","""manual""",1
"33","""Orlan-10""",1
"34","""Osa"")",1
"35","""Osu",1
"36","""pull",1
"37","""put",1
"38","""Responsive",1
"39","""Robo-Fesu",1
"40","""S7044"")",1
"41","""self",1
"42","""shot",1
"43","""spy",1
"44","""T""",1
"46","""UAV""",1
"48","""unmanned""",1
"49","""US",1
"50","""Valley""",1
"52","""When",1
"53","""Wright""",1
"54","(""",1
"55","(""Ha-ha-Avir",1
"56","()",1
"57","(1",1
"59","(1000",1
"60","(12-mile)",1
"61","(2",1
"63","(28)",1
"64","(332",1
"65","(361",1
"66","(432",1
"67","(4448",1
"68","(62nd",1
"69","(9K33",1
"72","(AFB)",1
"73","(agl)",1
"74","(AIB)",1
"75","(Anti-Aircraft",1
"76","(AO)",1
"77","(at",1
"78","(ATLS)",1
"79","(ATO)",1
"80","(attached)",1
"81","(B",1
"82","(BAC)",1
"83","(beyond",1
"84","(but",1
"85","(c/n",1
"86","(causing",1
"87","(County",1
"88","(CPB)",1
"91","(direction",1
"92","(DNR/DPR)""",1
"93","(DRDO)",1
"94","(EM)",1
"95","(engine",1
"96","(ex-RAF",1
"97","(expended",1
"98","(FFG-49)",1
"99","(FFG-56)",1
"100","(FL)",1
"101","(flown",1
"102","(FOB)",1
"105","(FTS)",1
"106","(GA-ASI)",1
"107","(GAR-8",1
"108","(Gipsy",1
"109","(ha)",1
"110","(held",1
"113","(IAF's)",1
"114","(IAF)",1
"115","(ie",1
"116","(IMA)",1
"117","(in",1
"119","(IRGC)",1
"120","(KM)",1
"122","(LRE)",1
"123","(MA)",1
"124","(male",1
"125","(MAP)",1
"128","(MMSO)",1
"130","(MRPA)",1
"131","(MTS)",1
"132","(MUTT)",1
"133","(Navy",1
"134","(not",1
"135","(NV)",1
"137","(OPL)",1
"139","(Pilotless",1
"140","(PPO)-1",1
"141","(presumed",1
"143","(R-27T",1
"144","(RAPTOR)",1
"145","(RJFG)",1
"146","(Robot",1
"147","(RS)",1
"148","(S/L",1
"149","(same",1
"150","(second",1
"151","(see",1
"152","(seen",1
"153","(Some",1
"154","(SP)",1
"155","(still",1
"156","(Tactical",1
"158","(Taken",1
"159","(target",1
"160","(Target",1
"161","(TECOM)",1
"162","(the",1
"163","(Thursday",1
"164","(title",1
"167","(UASs)",1
"169","(UAVTS)",1
"170","(Unmanned",1
"172","(UVI)",1
"173","(WCA)",1
"174","(which",1
"176","[acting",1
"179","#2",1
"180","#82355)",1
"182","<br/>""388th",1
"183","<br/>""A",1
"184","<br/>""LOST",1
"186","<br/>(The",1
"188","<br/>¬ìThere",1
"190","<br/>1491",1
"191","<br/>2",1
"192","<br/>3",1
"193","<br/>388th",1
"194","<br/>4",1
"195","<br/>42-3438",1
"197","<br/>About",1
"198","<br/>According",1
"200","<br/>Air",1
"201","<br/>Alauda",1
"203","<br/>and",1
"204","<br/>AOR"")",1
"206","<br/>Area",1
"209","<br/>Before",1
"210","<br/>Built",1
"211","<br/>Came",1
"213","<br/>Cmdr",1
"214","<br/>conclusions",1
"215","<br/>Contributing",1
"217","<br/>Crashed",1
"218","<br/>Creech",1
"219","<br/>Damage",1
"220","<br/>Debris",1
"221","<br/>Destroyed",1
"222","<br/>Drone",1
"223","<br/>DSA",1
"224","<br/>due",1
"225","<br/>Due",1
"227","<br/>Flight",1
"228","<br/>Following",1
"229","<br/>Hadramaut",1
"230","<br/>He",1
"232","<br/>http://www916-starfighterde",1
"233","<br/>Immediately",1
"235","<br/>Initially",1
"236","<br/>Intelligence",1
"237","<br/>Investigators",1
"238","<br/>Iran",1
"240","<br/>Israeli",1
"243","<br/>left",1
"244","<br/>Looking",1
"245","<br/>Loss",1
"246","<br/>Machine",1
"247","<br/>Members",1
"248","<br/>Meteorological",1
"249","<br/>Nature",1
"252","<br/>Normally",1
"253","<br/>Nose",1
"254","<br/>Note:",1
"256","<br/>Once",1
"257","<br/>one",1
"258","<br/>One",1
"260","<br/>precipitation",1
"261","<br/>pressure",1
"262","<br/>reduce",1
"263","<br/>Returned",1
"264","<br/>RJFG",1
"265","<br/>Sadly",1
"266","<br/>SECTION",1
"267","<br/>Shortly",1
"269","<br/>Sold",1
"272","<br/>Sustained",1
"275","<br/>These",1
"277","<br/>Though",1
"278","<br/>to",1
"280","<br/>Transferred",1
"281","<br/>UAV",1
"283","<br/>unstable",1
"284","<br/>US",1
"286","<br/>While",1
"287","<br/>With",1
"290","<br/>www916-starfighterde",1
"291","¬æ",1
"292","¬ëauto-destruct¬í",1
"293","¬ëcar¬í",1
"294","¬ëelectric",1
"295","¬ëFADEC",1
"296","¬ëflying",1
"297","¬ërail¬í",1
"298","¬ìcan¬ít",1
"299","¬ìClass",1
"300","¬ìfalling",1
"301","¬ìflew",1
"302","¬ìflying",1
"303","¬ìlow",1
"304","¬ìoff¬î",1
"305","¬ìon¬î",1
"306","¬ìturbo-charged¬î",1
"307","¬ìwe¬íll",1
"308","¬ìWe¬íre",1
"309","¬ñ",1
"311","$2",1
"312","$202M",1
"313","$2983766",1
"314","$409",1
"315","$44milion",1
"316","$44million",1
"317","$52",1
"318","01-3074",1
"319","01/04/1960",1
"320","01/04/64",1
"321","0136",1
"322","0142",1
"323","02/06/53",1
"324","02/10/59",1
"325","02/12/59",1
"326","03/60-1963",1
"327","04/01/60",1
"329","04/02/58",1
"330","04/08/69",1
"331","040500Z",1
"332","06-3164",1
"333","06/02/67",1
"334","06/05/1953",1
"335","06/11/97",1
"336","07/03/1958",1
"337","07/09/58",1
"338","07/58",1
"339","074)",1
"340","07degrees",1
"341","08/08/62",1
"342","08/10/1957",1
"343","08/10/50",1
"344","0805",1
"345","08051953;",1
"346","0809",1
"347","09",1
"348","09/06/1952;",1
"349","09/06/59",1
"350","09/06/60",1
"351","09/06/62",1
"352","09/08/60",1
"353","09/10/50",1
"355","1/5/1965",1
"357","10-1200",1
"358","10""",1
"359","10/02/65",1
"360","10/03/60",1
"362","10/06/1998:",1
"363","10/07/53",1
"364","10/5/1956",1
"365","100",1
"367","101",1
"368","109th",1
"369","10m",1
"372","11/03/60",1
"373","11/12/59",1
"376","111054",1
"377","11121961",1
"378","11307588",1
"379","114th",1
"381","1151961",1
"382","11539)",1
"383","11551;",1
"384","117",1
"388","12-4175",1
"389","12:05",1
"390","12/02/64",1
"391","12/12/61",1
"392","12/12/63",1
"393","121",1
"394","121053",1
"395","121261",1
"396","121263;",1
"397","123",1
"398","125",1
"399","12651",1
"400","12651;",1
"401","127",1
"402","129",1
"403","12963;",1
"404","129million)",1
"405","12degrees",1
"406","12th",1
"408","13/03/1958",1
"409","13/06/53",1
"410","13/11/59",1
"411","130",1
"412","13000",1
"413","130364;",1
"414","1323",1
"415","132million",1
"416","135",1
"417","1358",1
"418","13752",1
"419","139",1
"420","13page",1
"423","14:00",1
"424","14/03/59",1
"425","14/04/64",1
"426","14/08/1953",1
"427","14/2/1961",1
"428","14000ft",1
"429","14071952;",1
"430","14101960",1
"432","141miilion",1
"433","1439million",1
"434","144",1
"435","14562",1
"436","14657",1
"437","149",1
"438","1491",1
"439","14th",1
"441","15/07/57",1
"442","15/10/59",1
"443","15/12/64",1
"444","15/8/1979",1
"445","1500",1
"446","1500Z",1
"447","151161",1
"448","15456",1
"449","15653",1
"450","156kt",1
"451","159milion",1
"452","15feet",1
"453","15h58",1
"454","15th",1
"456","16/03/62",1
"457","16/05/60",1
"458","16/07/53",1
"459","16/10/1953;",1
"460","16/11/2014",1
"461","16/2/1953",1
"462","161160",1
"463","16354",1
"464","16361",1
"465","163892",1
"466","163rd",1
"467","16451",1
"468","1650",1
"469","1650Z",1
"470","1654",1
"471","16552",1
"472","165K",1
"473","167788",1
"474","167988",1
"476","17",1
"477","17/07/62",1
"478","17/10",1
"479","17/10/59",1
"480","17/10/60",1
"481","17/11/1961",1
"482","17/11/65",1
"483","17/12/64",1
"484","17+",1
"485","170",1
"486","17011957",1
"487","17081955",1
"488","171052",1
"489","174th",1
"490","175¬∞C",1
"491","17654",1
"494","18/02/64",1
"495","18/04/62",1
"496","18/09/1959",1
"497","18/10/1952",1
"498","18/12/51",1
"499","18/5/1961",1
"500","180",1
"501","1823",1
"502","18451",1
"503","18455;",1
"504","18462:",1
"505","18m",1
"506","18th",1
"509","19/01/51",1
"510","19/03/59",1
"511","19/04/62",1
"512","19/05/59",1
"513","19/05/64",1
"514","19/06/51",1
"515","19/12/51",1
"516","190",1
"517","191051",1
"518","19153",1
"519","19439",1
"520","1944""",1
"524","1962",1
"525","196th",1
"526","1972",1
"527","1978",1
"528","1986",1
"529","1991",1
"530","1996)",1
"531","1999",1
"532","19th",1
"533","1K¬í",1
"534","1NM",1
"537","2/11/1956)",1
"538","2/11/2015",1
"539","2/8/1962",1
"541","20-kilometre",1
"542","20/01/52",1
"543","20/01/64",1
"544","20/02/53",1
"545","20/04/60",1
"546","20/10/59",1
"547","20/11/59",1
"548","20/9/1960",1
"549","20%",1
"552","2000ld",1
"553","20011961",1
"554","2003Z",1
"555","2006",1
"556","2007",1
"557","201",1
"561","20121961",1
"565","2015)",1
"568","2017""",1
"570","2019",1
"571","20241",1
"572","2025Z",1
"573","204hour",1
"574","207",1
"575","208",1
"578","21/01/54",1
"579","21/12/51",1
"581","214th",1
"582","21951",1
"585","22:38",1
"586","22)",1
"587","22/01/54",1
"588","22/01/60",1
"589","22/05/2003",1
"590","22/06/65",1
"591","22/07/58",1
"592","22/12/59",1
"593","22/12/65",1
"594","22/2/1961",1
"595","22/4/1965:",1
"596","22/8/51",1
"597","220163",1
"598","22091966",1
"599","221253;",1
"600","22141",1
"601","2250Z",1
"602","22754",1
"603","23",1
"604","23/02/1962",1
"605","23/02/63",1
"606","23/04/63",1
"607","23/07/98",1
"608","23/10/1951",1
"609","23/11/62",1
"610","23/9/1960",1
"611","2308",1
"612","23081960",1
"614","23101997",1
"615","231153;",1
"616","23262",1
"617","23262:",1
"618","23551",1
"619","2361",1
"620","2371998",1
"621","23964",1
"622","23km",1
"623","24/02/1953",1
"624","24/03/62",1
"625","24/11/1961",1
"626","24/11/58",1
"627","24/11/64",1
"628","24/2/1961",1
"629","242",1
"631","2453",1
"632","24951;",1
"633","24954",1
"634","24h",1
"635","25",1
"636","25/11/1957",1
"638","250'",1
"639","250¬í",1
"640","25655",1
"641","25953",1
"642","25hours)",1
"643","25th",1
"644","26",1
"645","26/04/57",1
"646","26/05/65",1
"647","26/07/62",1
"648","26021959",1
"649","26260",1
"651","26th",1
"653","27/02/54",1
"654","27/3/1962",1
"655","27091966",1
"656","271154;",1
"657","2755",1
"658","27th",1
"660","28/01/1964",1
"661","28/01/62",1
"662","28/05/53",1
"663","28/08/1952",1
"664","28/1/1954",1
"665","28/4/1965:",1
"666","28141",1
"667","28255",1
"668","28259",1
"669","28551",1
"670","28million",1
"672","29/01/54",1
"673","29/01/60",1
"674","29/09/60",1
"675","29/8/1963",1
"677","290164",1
"679","2km",1
"681","3",1
"683","3(R);",1
"684","3/4",1
"686","30/04/53",1
"687","30/05/59",1
"688","30/06/59",1
"689","30/09/53",1
"690","30/09/60",1
"691","30/11/59",1
"692","30/12/53",1
"693","30/3/1960",1
"694","300",1
"695","300'",1
"696","3000ft",1
"697","30022KT",1
"698","301154",1
"699","301161",1
"700","30261",1
"701","3031951",1
"702","3031998",1
"703","3054feet",1
"704","30560",1
"708","31/08/53",1
"709","31/10/1957",1
"710","31/10/1961",1
"711","31/10/52",1
"712","31/5/1954",1
"713","310",1
"714","31252",1
"715","31351",1
"716","31555",1
"717","319",1
"719","32",1
"720","3205th",1
"722","332d",1
"723","33rd",1
"724","34",1
"725","340)",1
"726","345",1
"727","345-349",1
"729","350",1
"730","352",1
"731","361st",1
"732","362",1
"733","364)",1
"734","37",1
"735","370",1
"736","37th",1
"738","3854)",1
"739","386th",1
"740","39million",1
"741","3K",1
"742","3M",1
"745","4-metre",1
"746","4(R)",1
"749","4000ft",1
"750","40263",1
"752","41-year-old",1
"753","414th",1
"754","41million",1
"755","42-30066",1
"756","4216",1
"757","423million",1
"758","4254)",1
"759","430",1
"762","435th",1
"763","44",1
"764","44-83717",1
"765","44-foot",1
"766","449th",1
"768","450",1
"769","451st",1
"770","456",1
"771","459million",1
"772","45million",1
"773","46)",1
"774","461million",1
"777","4710",1
"778","4759",1
"779","4796",1
"780","47million",1
"781","48",1
"782","482",1
"783","4kg",1
"785","5-10",1
"787","50-minute",1
"788","50000",1
"789","500ft",1
"790","5098473",1
"791","509million",1
"792","511",1
"793","5156million",1
"794","5200",1
"795","521998",1
"796","52million",1
"797","53",1
"798","5300",1
"799","5354;",1
"801","53nmi",1
"803","5451",1
"804","55cm",1
"805","56",1
"807","58",1
"808","5812",1
"809","59",1
"812","6/12/63",1
"813","600",1
"814","600miles",1
"815","60261",1
"816","60760",1
"817","60knots",1
"818","61",1
"819","61061",1
"820","61152",1
"821","615",1
"822","617",1
"823","618",1
"824","62",1
"825","62d",1
"826","62nd",1
"827","645th",1
"828","650",1
"829","67million",1
"830","6895",1
"834","700",1
"835","71-1083",1
"836","71008",1
"837","71043",1
"838","7262",1
"839","727",1
"840","728",1
"842","74",1
"845","7752;",1
"846","7853;",1
"847","7857",1
"848","7hours",1
"849","7K",1
"850","7nautical",1
"853","8/2/63",1
"854","800",1
"855","81140",1
"856","82nd",1
"857","844)",1
"858","8500",1
"859","850m",1
"860","8551",1
"861","85cm",1
"862","870",1
"863","88",1
"865","8th",1
"867","9/11/1961",1
"868","9/6/1954",1
"869","9¬∞C",1
"871","900",1
"872","90262",1
"873","90minutes",1
"874","91",1
"875","9141",1
"876","919th",1
"877","9360",1
"878","9555;",1
"879","96-minute",1
"880","9656",1
"881","9753",1
"882","98",1
"883","98K",1
"884","993million",1
"885","9999",1
"889","a/c",1
"891","A77-157",1
"892","A77-422",1
"893","A84-3",1
"894","AACU",1
"895","AAD",1
"896","AAI",1
"900","abandoned",1
"901","abbreviated",1
"904","Aberporth-West",1
"905","Aberystwyth",1
"909","abort",1
"910","aborted",1
"914","abrupt",1
"916","AC"")",1
"918","accept",1
"919","acceptance",1
"923","accident""",1
"924","accidentally",1
"925","accompanied",1
"929","acft",1
"931","acquire",1
"933","Action",1
"934","actions",1
"936","activatedand",1
"938","activity",1
"939","actual",1
"940","actually",1
"941","actuating",1
"942","ACTUATOR",1
"943","addition",1
"944","Additionally",1
"947","adjust",1
"948","admitted",1
"949","adopted",1
"950","Advanced",1
"951","Advocate",1
"952","AEG",1
"955","aerodynamic",1
"957","aeroplane",1
"958","aeroplanes",1
"960","Aeryon",1
"961","AEW",1
"962","AEW)",1
"963","AEW/36th",1
"964","AEW/62nd",1
"965","AF257",1
"968","AFBFlorida",1
"969","affected",1
"971","AFLD;",1
"973","Africom",1
"975","AFS",1
"976","AFSOC",1
"980","afternoon",1
"981","Agadez",1
"983","Again",1
"984","again:",1
"987","agency",1
"988","agent",1
"989","aggravating",1
"991","agl)",1
"992","agreement",1
"993","agricultural",1
"994","Agricultural",1
"995","Ahrar",1
"999","AIM-9X",1
"1003","air-to-air",1
"1004","Airbase",1
"1005","airborne",1
"1006","Airborne",1
"1011","aircrew",1
"1013","AirForce",1
"1014","airfr",1
"1016","AIRFRAME",1
"1017","airframe:",1
"1018","airplane",1
"1019","airport",1
"1024","airspeeds",1
"1026","airstrikes",1
"1028","Airwork",1
"1029","Akrad",1
"1030","al-Dhafra",1
"1031","al-Nusra",1
"1032","al-Qaeda¬ís",1
"1033","Al-Sanamayn",1
"1035","Albanian",1
"1036","Alentejo",1
"1037","Aleppo",1
"1038","Algeria",1
"1039","align",1
"1040","aligned",1
"1043","ALL",1
"1044","alleged",1
"1046","Allegedly",1
"1047","alleviate",1
"1052","allowed",1
"1053","almost",1
"1057","Also",1
"1059","alternate",1
"1061","ALTERNATOR",1
"1063","Although",1
"1065","altitudes",1
"1066","ALTRNTR",1
"1067","am",1
"1068","AMARC",1
"1069","AMeDAS",1
"1070","American",1
"1071","amounted",1
"1072","Ampugnano",1
"1073","AMRAAM",1
"1076","AN",1
"1077","analysed",1
"1079","analysis)",1
"1080","Analysis56",1
"1081","analyst",1
"1085","anomalies",1
"1088","Another",1
"1089","ANSV",1
"1090","antenna",1
"1091","anti-aircraft",1
"1093","AO",1
"1096","apart",1
"1098","apparatus",1
"1100","Apparently",1
"1101","appeared",1
"1102","appears",1
"1105","approached",1
"1106","approaching",1
"1107","appropriate",1
"1108","approval",1
"1109","Approved",1
"1111","approximate",1
"1113","Apr",1
"1115","APS",1
"1116","Aquila",1
"1117","aquired",1
"1118","Arab",1
"1119","Arabian",1
"1120","ARDU",1
"1124","areas",1
"1125","ARGUS",1
"1129","Arm's",1
"1132","Armenian",1
"1133","arms",1
"1134","Armstrong",1
"1137","army-operated",1
"1141","Arrived",1
"1142","arriving",1
"1144","aS",1
"1146","ascertained",1
"1147","ashore",1
"1148","Assad",1
"1149","Assemblies",1
"1152","assertiveness",1
"1155","ASSET",1
"1157","Assigned",1
"1158","assistant",1
"1160","association",1
"1161","assumed",1
"1165","ATALS",1
"1166","Athan",1
"1167","ATKS",1
"1168","ATKS)",1
"1169","ATKW/138th",1
"1171","ATLS",1
"1173","ATRS",1
"1174","attached",1
"1177","attacked",1
"1178","attacks",1
"1179","attain",1
"1184","Attempts",1
"1185","attention",1
"1186","attributed",1
"1188","audience",1
"1189","augmentation",1
"1193","authorities",1
"1194","authority",1
"1196","auto-abort",1
"1197","auto-destruct",1
"1198","auto-landing",1
"1200","Automated",1
"1202","Automatic",1
"1203","automatical",1
"1204","automatically",1
"1205","autonomous",1
"1207","autorotation",1
"1209","avail",1
"1210","available",1
"1211","averaged",1
"1212","aviation",1
"1214","Avigdor",1
"1215","avionics",1
"1216","Avon",1
"1219","awaiting",1
"1220","Awaiting",1
"1221","awareness",1
"1224","awry",1
"1225","axis",1
"1226","AZ",1
"1228","Azov",1
"1230","B-17",1
"1235","back¬î",1
"1236","backing",1
"1238","backwards",1
"1240","Badabaagh",1
"1241","Baengnyeong",1
"1242","Bakhsh",1
"1244","Baliapal",1
"1245","ball",1
"1247","bands",1
"1248","banked",1
"1249","Bankstown",1
"1250","barrier",1
"1254","BASE",1
"1255","base-leg",1
"1256","base""",1
"1258","Bashar",1
"1259","Battalion",1
"1260","batteries",1
"1262","Battery/alternator",1
"1263","Baugher",1
"1265","Bayraktar",1
"1271","Bee",1
"1276","Beihan",1
"1278","Beja",1
"1279","Belarusian",1
"1281","Belfast)",1
"1283","Belgium)",1
"1284","believe",1
"1285","believed",1
"1286","belly",1
"1287","bellylanded",1
"1288","belonged",1
"1290","below)",1
"1291","BELT",1
"1292","Benbecula",1
"1294","besieged",1
"1299","Binbrook",1
"1300","black",1
"1301","blasted",1
"1302","block",1
"1304","blockages",1
"1305","blood",1
"1307","Bloodsworth",1
"1308","blown",1
"1309","blue",1
"1312","Bob",1
"1315","BOMARC",1
"1317","bombed",1
"1319","bombing",1
"1322","Borough",1
"1323","Boscombe",1
"1326","bounced",1
"1327","Bounced",1
"1328","BOUNCED",1
"1329","bound",1
"1330","boundary",1
"1332","Bradley",1
"1333","branch",1
"1334","branch's",1
"1335","branded",1
"1336","breach",1
"1337","breakers",1
"1338","bridge",1
"1339","briefs",1
"1340","Bristol",1
"1341","Brixton",1
"1346","Brothers'",1
"1348","buffer",1
"1349","bug",1
"1353","bungalow",1
"1354","Bureau",1
"1355","burn",1
"1357","burnt",1
"1358","burst",1
"1359","bush",1
"1361","But",1
"1362","BVLOS",1
"1364","By",1
"1365","BY",1
"1366","C",1
"1367","C-130",1
"1370","CA",1
"1372","cables",1
"1373","Cairo",1
"1374","calculated",1
"1375","calibrate",1
"1376","calibration",1
"1380","Camcopter",1
"1383","camera-radome",1
"1384","camera)",1
"1385","Camp",1
"1389","Canberras",1
"1390","cane",1
"1391","captured",1
"1393","car¬î",1
"1394","carburetor",1
"1395","card",1
"1398","careful",1
"1400","carrier",1
"1401","carry",1
"1402","cars",1
"1403","cars¬í",1
"1406","casualties",1
"1408","Cat5(scrap)",1
"1409","CATASTROPHIC",1
"1412","Caught",1
"1413","causal",1
"1415","Cause",1
"1419","Caused",1
"1422","Caution",1
"1423","CBIT",1
"1424","CBP's",1
"1425","CCD",1
"1426","cease",1
"1427","ceiling",1
"1428","Celebes",1
"1431","CENTOM",1
"1432","central",1
"1435","CEO",1
"1436","Ceredigion",1
"1437","ceremony",1
"1439","certificate",1
"1440","CFE",1
"1441","CFE/AFDS",1
"1442","CFIT;",1
"1443","CGS",1
"1444","chance",1
"1446","Chandamuhi",1
"1448","changed",1
"1449","changeover",1
"1451","channelized",1
"1454","check",1
"1456","checking",1
"1458","Checklist",1
"1461","Cheese",1
"1462","Chesapeake",1
"1463","Chgakwal",1
"1464","Chichester",1
"1465","Chichibu",1
"1468","China",1
"1469","Chiniot",1
"1470","Choongdong-myeon",1
"1471","Christmas",1
"1472","circles",1
"1476","City",1
"1482","clarified",1
"1486","clean",1
"1492","climbing",1
"1494","clip",1
"1495","clogged",1
"1498","closely",1
"1500","CNK",1
"1501","Co-operation",1
"1506","code",1
"1507","Code",1
"1510","collected",1
"1511","collecting",1
"1512","collection",1
"1513","collections",1
"1515","Collided",1
"1516","COLLIDED",1
"1518","Colorado",1
"1519","Comat",1
"1526","Command¬ís",1
"1529","commandos",1
"1530","commands",1
"1531","Commands",1
"1533","Common",1
"1538","competent",1
"1542","completing",1
"1544","Completion",1
"1545","Complex",1
"1546","COMPLICATIONS;",1
"1549","compressor",1
"1552","concluded",1
"1553","conclusion",1
"1555","condition",1
"1559","confectionery",1
"1560","configuration",1
"1561","confines",1
"1562","confirmation",1
"1563","Confirmation",1
"1565","confirming",1
"1567","connecting",1
"1569","connectivity",1
"1570","considered",1
"1573","constant",1
"1577","contact/link",1
"1579","contaminated",1
"1580","contamination",1
"1582","contingency",1
"1584","continues",1
"1588","Contractor",1
"1589","Contractor-operated",1
"1590","contractors",1
"1591","contradicted",1
"1592","contribute",1
"1593","contributed",1
"1595","Contributing",1
"1596","contributory",1
"1607","controls",1
"1608","CONUS",1
"1609","convened",1
"1613","converted)",1
"1614","converter",1
"1615","convertion",1
"1616","convincing",1
"1618","cooling",1
"1619","Cooperative",1
"1620","coordinated",1
"1621","Cootts-Smith",1
"1622","copilot]",1
"1623","Copter",1
"1625","Corp",1
"1626","Corporation",1
"1629","corrected",1
"1630","correction",1
"1631","corrective",1
"1632","corridor",1
"1633","Cosgrove",1
"1636","counter-insurgency",1
"1637","counter-terrorist",1
"1638","countries",1
"1640","County",1
"1642","course135",1
"1643","coverage",1
"1644","coversion",1
"1645","crack",1
"1647","crankcase",1
"1648","crankshaft",1
"1649","crased",1
"1652","crash-landed",1
"1653","crash-site",1
"1657","crashed;",1
"1658","Crashed;",1
"1659","CRASHED;",1
"1661","crashing",1
"1662","create",1
"1667","crew's",1
"1668","crewed",1
"1671","critical",1
"1673","cross",1
"1674","Crymych",1
"1675","currently",1
"1676","Currently",1
"1677","Customs",1
"1680","Cyprus",1
"1681","Cyttir",1
"1683","d/d",1
"1684","D16",1
"1685","Daegok",1
"1688","DAMAGE",1
"1690","damage""",1
"1693","DAMAGED",1
"1694","damaged""",1
"1695","damages",1
"1696","Damages",1
"1697","damaging",1
"1698","Damascus",1
"1699","Daraa",1
"1700","darget",1
"1702","Data",1
"1706","Date",1
"1708","dated",1
"1709","Dave",1
"1711","day)",1
"1713","de-icing",1
"1714","de-militarised",1
"1715","dead",1
"1717","deceased",1
"1718","Deceased",1
"1723","Declared",1
"1726","defects",1
"1731","defensive",1
"1732","defined",1
"1733","degradation",1
"1734","Degrade",1
"1735","Degrade¬í",1
"1738","degrees28""",1
"1740","Deir-e-zor",1
"1741","delay",1
"1742","delayed",1
"1743","deleivered",1
"1744","delete",1
"1745","deleting",1
"1746","deliberate",1
"1751","demo",1
"1752","demonstrate",1
"1756","DEPARTING",1
"1759","deploy",1
"1761","depth",1
"1766","Descent",1
"1767","DESCENT;",1
"1768","described",1
"1770","deserted",1
"1771","designated",1
"1773","Desotroyed",1
"1774","despatched",1
"1775","Despatched",1
"1777","destination",1
"1778","Destoyed",1
"1783","destroyed/not",1
"1784","destruct""",1
"1787","Det1)",1
"1788","detached",1
"1789","detailed",1
"1792","detected",1
"1794","deterioration",1
"1799","developing",1
"1800","Development",1
"1801","deviation",1
"1803","DH82B",1
"1804","Dhamar",1
"1805","diagram",1
"1809","difficult",1
"1810","Dinamici",1
"1811","direct",1
"1816","disabling",1
"1818","disbanded",1
"1819","disclosed",1
"1820","DISCONNECT;",1
"1821","discovered",1
"1822","disintegrated",1
"1823","dislocated",1
"1824","display",1
"1825","distance",1
"1826","distances",1
"1827","distraction",1
"1828","distribute",1
"1830","District",1
"1831","ditch",1
"1835","diverted",1
"1837","Djibouti)",1
"1840","DoD",1
"1841","Dogran",1
"1842","Donbas",1
"1843","Donetsk",1
"1847","down)",1
"1848","down/destroyed",1
"1850","Downed",1
"1851","downing",1
"1853","downloaded",1
"1854","downs",1
"1855","downwind",1
"1856","dozen",1
"1857","dozens",1
"1858","drained",1
"1859","draining",1
"1860","dramatically",1
"1861","DRDO",1
"1862","drifted",1
"1863","Drifted",1
"1864","driver",1
"1865","driveway",1
"1868","drone-like",1
"1869","drone;",1
"1870","drone:",1
"1871","drone's",1
"1872","drone""",1
"1874","drone/UAV",1
"1877","dropping",1
"1878","drum",1
"1883","Dumge",1
"1884","dump",1
"1889","Dutch",1
"1890","E08",1
"1891","Eagle",1
"1892","earlier",1
"1894","earshot",1
"1895","earth",1
"1896","easily",1
"1899","eastern",1
"1901","ECOD",1
"1904","EDT",1
"1906","EE",1
"1907","effect",1
"1909","Eglin",1
"1912","eight",1
"1913","Eisk",1
"1914","Eitan",1
"1916","EJECTED",1
"1917","Elbit",1
"1918","ELEC",1
"1919","elected",1
"1923","Electro-Hydraulic",1
"1927","Elementary",1
"1928","Eleron-3SV",1
"1929","eliminate",1
"1931","emerged",1
"1933","Emergency",1
"1935","emi",1
"1936","Emlyn",1
"1938","EMS",1
"1939","enabled",1
"1941","encountering",1
"1944","ended",1
"1946","Enduring",1
"1947","energy",1
"1949","engage",1
"1950","engaged",1
"1951","engagement",1
"1952","engaging",1
"1956","engine-failure",1
"1957","engine-failure)",1
"1958","ENGINE-OUT",1
"1959","engine-Temp",1
"1960","engined",1
"1961","engineer",1
"1962","engineers",1
"1963","Engineers",1
"1966","enough",1
"1967","enquiries",1
"1973","entry",1
"1974","environment",1
"1977","equipment;",1
"1979","Ercoll",1
"1980","erection",1
"1981","erraneous",1
"1984","ERROR",1
"1985","errors",1
"1987","ERS)",1
"1988","erupted",1
"1989","escape",1
"1994","ethnic",1
"1995","EU",1
"1997","Evaluation",1
"2001","Eventually",1
"2002","everyone",1
"2003","Evetts",1
"2005","Ex",1
"2006","Ex-RAF",1
"2007","Ex-USAF",1
"2010","example",1
"2011","exceedance",1
"2012","exceeded",1
"2014","exciting",1
"2017","executing",1
"2020","exhibited",1
"2021","existing",1
"2022","expanded",1
"2023","expected",1
"2024","expects",1
"2026","expelling",1
"2029","Expended:",1
"2034","explained:",1
"2035","exploded",1
"2036","extended",1
"2038","EXTENSIVE",1
"2039","extensively",1
"2040","extent",1
"2041","external",1
"2042","extract",1
"2043","extreme",1
"2044","F-100",1
"2045","F-101",1
"2046","F-15C",1
"2050","F-16D",1
"2051","F-16I",1
"2057","fact",1
"2060","Factors",1
"2063","FAIL",1
"2067","FAILED;",1
"2070","Failure",1
"2073","failure)",1
"2076","Fairy",1
"2077","Faith",1
"2078","Falco",1
"2080","fallen",1
"2081","falling",1
"2082","falsely",1
"2084","farm",1
"2085","Farmhouse",1
"2086","fashion",1
"2088","fatal",1
"2089","fatalities",1
"2090","fatality",1
"2091","fault",1
"2092","faulty",1
"2096","Federal",1
"2097","Federation",1
"2099","feet""",1
"2102","FEP",1
"2103","ferry",1
"2105","Festival)",1
"2107","FEW025",1
"2108","FGR2",1
"2109","Fido",1
"2112","fields",1
"2116","fighting/crash",1
"2117","figure",1
"2118","figure-eight",1
"2119","filed",1
"2120","filter",1
"2121","fin",1
"2123","FINAL;",1
"2124","finding",1
"2126","FINDINGS",1
"2127","finds",1
"2128","finished",1
"2129","Finmeccanica",1
"2132","firearms",1
"2134","Firefly",1
"2135","Fires",1
"2139","fit",1
"2141","flame",1
"2142","flame-out",1
"2143","flames",1
"2145","Flash",1
"2146","flat",1
"2150","Flew",1
"2151","flexible-wing",1
"2155","FLIGHT;",1
"2156","flight""",1
"2157","flipped",1
"2158","Florennes",1
"2160","Florio",1
"2161","flowing",1
"2164","FLT;",1
"2165","fluctuating",1
"2166","fluctuations",1
"2167","flutter",1
"2171","foam",1
"2173","fog",1
"2175","follow",1
"2179","FOLLOWING",1
"2183","force",1
"2185","Force's",1
"2189","forcing",1
"2190","Foreign",1
"2194","form)",1
"2195","formally",1
"2196","Fort",1
"2198","Forward",1
"2200","founder",1
"2202","Four",1
"2203","four-",1
"2204","four-engine",1
"2205","FP0691",1
"2206","fpm",1
"2207","fractured",1
"2208","frames",1
"2209","frce",1
"2210","free",1
"2212","Freedom",1
"2213","frendly",1
"2216","FROM",1
"2217","from/to",1
"2218","front",1
"2219","froze",1
"2220","frozen",1
"2221","FSA",1
"2222","FSAT",1
"2225","FT",1
"2228","fuel-starvation/descent",1
"2229","Fukushima",1
"2230","full",1
"2232","fully-charged",1
"2235","fuselage",1
"2236","FWS",1
"2237","FY13",1
"2238","G",1
"2239","G;",1
"2240","GA-ASI¬ís",1
"2242","gained",1
"2243","GAINED",1
"2245","Gaui",1
"2247","GDT",1
"2249","gearbox",1
"2250","Gecko",1
"2251","gendarmes",1
"2253","General's",1
"2254","generated",1
"2257","Geocopter",1
"2259","get",1
"2260","Ghantou",1
"2261","Ghouta",1
"2262","gift",1
"2263","Gifu",1
"2264","Girdle",1
"2265","Glamorgan",1
"2266","GLIDE;",1
"2267","glitch",1
"2268","global",1
"2272","GND;",1
"2274","go-around",1
"2275","GOCO",1
"2276","GOCO;",1
"2277","Golan",1
"2278","goods",1
"2280","got",1
"2282","Government",1
"2283","Gower",1
"2285","gradual",1
"2286","gradually",1
"2288","gras",1
"2289","grass",1
"2290","gravel",1
"2291","gravely",1
"2292","grid",1
"2293","GRND",1
"2294","GRND;",1
"2298","ground-based",1
"2300","GROUND;",1
"2301","ground""",1
"2302","ground¬î",1
"2304","Group",1
"2305","Grumman",1
"2306","guarantee",1
"2308","GUARD",1
"2310","Guards",1
"2315","gunman",1
"2318","gusts",1
"2320","gyroplane",1
"2322","ha",1
"2323","hacked",1
"2325","HAD",1
"2326","Haifa""",1
"2328","half-ton",1
"2329","Hama",1
"2330","Hancock",1
"2331","hand",1
"2332","hand-over",1
"2335","hangar",1
"2338","hardware",1
"2340","harm",1
"2342","Haseloh",1
"2349","head-to-head",1
"2351","Health",1
"2352","heard",1
"2353","heat",1
"2354","heavily",1
"2355","heavy",1
"2356","Heavy",1
"2357","Hebrides",1
"2358","Hecht",1
"2359","hectares",1
"2361","Heights",1
"2362","held",1
"2363","heli-deck",1
"2365","Helicopters",1
"2366","helipad",1
"2369","HELLFIRE",1
"2371","Helmore",1
"2372","Herasymivka",1
"2374","Hercules'",1
"2375","here",1
"2376","Hermes",1
"2379","High",1
"2380","high-altitude",1
"2381","high-speeds",1
"2382","high-temp",1
"2383","highlight",1
"2384","highly",1
"2385","Highway",1
"2386","hill",1
"2388","hillside",1
"2389","hilltop",1
"2390","himself",1
"2391","Hinkley",1
"2392","Hinley",1
"2394","historical",1
"2395","Historical",1
"2396","historically",1
"2399","HMS",1
"2401","holding",1
"2404","Honeywell",1
"2405","hood",1
"2406","Hormuz",1
"2407","Horsham",1
"2408","hose",1
"2416","Houthis",1
"2417","Houthis'",1
"2419","Houtis",1
"2421","hovered",1
"2423","Howden",1
"2426","HQ90B",1
"2427","hrs",1
"2428","Huachuca(AZ)",1
"2429","Hurn",1
"2430","hurt",1
"2431","I",1
"2432","I-Gnat",1
"2433","I-UASF",1
"2434","I:P",1
"2435","i/a",1
"2436","I¬íve",1
"2437","IAF",1
"2439","IASF",1
"2442","ID",1
"2444","identity",1
"2446","idle",1
"2447","Idlib",1
"2448","IDS",1
"2450","IFE",1
"2451","IFSD;",1
"2452","ignition",1
"2453","II",1
"2454","IMA",1
"2455","imagery",1
"2456","IMC;",1
"2459","immersion",1
"2461","IMPACT",1
"2464","impacting",1
"2465","impossible",1
"2467","improvised",1
"2468","Imsil-gun",1
"2473","in-sequence;",1
"2474","in-use",1
"2476","inaccuracies",1
"2479","inadvertendly",1
"2483","incident""",1
"2484","Incirlik",1
"2485","include",1
"2489","incorrectly",1
"2490","increased",1
"2491","indeterminate",1
"2492","indexes",1
"2493","India",1
"2496","indicates",1
"2497","indicating",1
"2500","Indicator",1
"2501","indicators",1
"2502","induced",1
"2503","industrial",1
"2505","infiltrate",1
"2507","INFLT;",1
"2508","inform",1
"2509","Informed",1
"2510","infrared",1
"2511","infrastructure",1
"2513","Initial",1
"2514","initially",1
"2519","INJURIES""",1
"2520","injuring",1
"2521","injury",1
"2522","injury)",1
"2523","ink",1
"2524","inknown",1
"2525","inland",1
"2526","Innovation",1
"2529","inscriptions",1
"2530","insecure",1
"2532","insidious",1
"2533","insisted",1
"2534","installation",1
"2537","instructing",1
"2539","Instrument",1
"2541","INSUFFICIENT",1
"2546","intense",1
"2547","Intense",1
"2548","intensive",1
"2553","Intercepted",1
"2555","Interim",1
"2559","intervention",1
"2561","introduced",1
"2563","investigate",1
"2567","invited",1
"2568","involved",1
"2569","involvement",1
"2571","Inyo",1
"2572","Iowa",1
"2573","Iowa¬ís",1
"2575","Irainan-developed",1
"2577","Iran's",1
"2578","Iran¬ís",1
"2580","Iranian-backed",1
"2585","Iraqi-anti-aircraft",1
"2586","IRGC",1
"2588","Irmino",1
"2593","Islamic",1
"2594","island",1
"2596","Ismet",1
"2600","Israel's",1
"2606","ISSUES",1
"2607","Istres""",1
"2610","it:",1
"2612","it¬ís",1
"2613","Italian",1
"2614","Italy",1
"2617","Its",1
"2618","itself",1
"2619","Izza",1
"2620","Jabhat",1
"2621","Jacobabad",1
"2623","Jaime",1
"2624","Jaisalmer",1
"2628","Jang",1
"2630","Japan",1
"2631","Jask",1
"2632","Jebal",1
"2633","Jeollabuk-do",1
"2635","Jet""",1
"2636","JFACC",1
"2637","Johnson",1
"2638","join",1
"2639","joint",1
"2641","Judge",1
"2643","Jun",1
"2645","June/July",1
"2647","Kala",1
"2648","Kalan",1
"2650","Karim",1
"2653","key)",1
"2654","Kƒôtrzyn",1
"2656","kgs",1
"2657","Khordad",1
"2658","Khormaksar",1
"2660","killing",1
"2661","kilograms",1
"2662","kilomerters",1
"2664","kilometre",1
"2665","Kindersley",1
"2666","Kirkbride",1
"2668","km/h",1
"2669","knots",1
"2671","Korea",1
"2672","Korean",1
"2674","kts",1
"2675","Kunar",1
"2676","Kurdish",1
"2677","Kuwait-based",1
"2678","L",1
"2679","L17",1
"2680","l5NM",1
"2681","laboratory",1
"2682","Laboratory",1
"2683","Laboratory-sponsored",1
"2685","lake",1
"2687","Lakshya",1
"2688","Lambeth",1
"2690","land-based",1
"2693","Landing",1
"2696","landing¬î",1
"2697","landings",1
"2698","lane",1
"2700","larger",1
"2705","Latitude",1
"2708","LAUNCH",1
"2711","le-Yisrael"")",1
"2712","lead",1
"2715","league",1
"2718","leased",1
"2719","leash",1
"2720","Leatherneck",1
"2721","leaving",1
"2726","leg",1
"2728","length",1
"2729","Levant",1
"2731","leveled",1
"2732","LGDT",1
"2734","Lickdale",1
"2737","lifted",1
"2738","light",1
"2739","lightly",1
"2741","LIGHTNING",1
"2742","LIGHTNING;",1
"2743","lightweight",1
"2746","limitations",1
"2747","limited",1
"2748","limiting",1
"2750","line-of-site",1
"2754","link)",1
"2755","links",1
"2757","little",1
"2758","Little",1
"2759","Liyba",1
"2761","Llandbedr",1
"2762","Llandebr",1
"2763","Llandegfan",1
"2765","load",1
"2766","loaned",1
"2768","LOCAL",1
"2769","locally-based",1
"2771","LOCATED",1
"2775","locations",1
"2776","locations4)",1
"2777","lock-up",1
"2778","LOCKED",1
"2779","Lockheed",1
"2780","lockups",1
"2781","logger",1
"2782","logic",1
"2783","logs",1
"2788","look",1
"2789","looked",1
"2790","looks",1
"2791","loose""",1
"2801","LOST;",1
"2806","LT",1
"2808","Lucerne",1
"2809","Luhansk",1
"2810","Luhanska",1
"2812","Lysychansk",1
"2813","LZ",1
"2815","m/s",1
"2817","MA¬ís",1
"2818","Macedonia",1
"2820","Madeira",1
"2821","magazine",1
"2822","Mah√©",1
"2824","mainland",1
"2826","maintained",1
"2827","maintaining",1
"2830","Major",1
"2831","MAJOR",1
"2832","make",1
"2833","makes",1
"2835","male",1
"2838","malfunctioned",1
"2839","Mali",1
"2841","man",1
"2842","managed",1
"2843","management",1
"2844","maneuver",1
"2846","Manifold-Charge-Temp",1
"2847","manned",1
"2848","manoeuvres",1
"2850","Manual",1
"2853","manufacturer¬ís",1
"2854","manufacturing",1
"2857","maritime",1
"2858","market",1
"2859","marking",1
"2860","markings",1
"2861","Maryland¬ís",1
"2862","MASKED",1
"2864","Master",1
"2866","Matt",1
"2867","Mawr",1
"2868","maximum",1
"2872","MC¬ís",1
"2874","meaning",1
"2877","measurements",1
"2878","mechanical",1
"2880","Mechanized",1
"2886","mentions",1
"2887","Menzies",1
"2890","metal",1
"2892","meteorological",1
"2894","method",1
"2895","metre",1
"2898","MI",1
"2900","Mid",1
"2901","mid-air",1
"2903","middle",1
"2904","Middle",1
"2905","Mil",1
"2907","MILE",1
"2909","militant",1
"2911","Militants",1
"2914","militarytimescom",1
"2915","militias",1
"2917","Million",1
"2918","million""",1
"2919","millions",1
"2920","mills¬í",1
"2921","miltarytimes",1
"2922","min",1
"2923","minimums",1
"2925","ministry",1
"2928","Minstry",1
"2931","Miryang-si",1
"2933","Mishap",1
"2934","mishap¬î",1
"2935","misquotation",1
"2940","missile"")",1
"2942","missiles)",1
"2946","mission;",1
"2947","MISSION;",1
"2948","missions",1
"2950","missles",1
"2951","mistakenly",1
"2952","mix-up",1
"2953","mixture",1
"2955","Mk1",1
"2958","MoD",1
"2959","MOD",1
"2961","mode¬î",1
"2963","Modem",1
"2964","MODEM",1
"2965","modification",1
"2966","modifications",1
"2967","modified",1
"2969","modular",1
"2971","MODULE",1
"2972","Mohaher",1
"2974","Moldova",1
"2976","Monday",1
"2979","Monitoring",1
"2982","Mosquito",1
"2984","Most",1
"2985","Mother",1
"2986","motor",1
"2987","motorsport",1
"2988","mount",1
"2991","Mountain",1
"2994","mountainside",1
"2998","Moved",1
"3000","Movement",1
"3001","MOVEMENT;",1
"3005","MQ-",1
"3010","MQ-1B:",1
"3011","MQ-1C",1
"3012","MQ-8",1
"3017","MQ1",1
"3019","msl",1
"3021","MSN;",1
"3022","MTS",1
"3024","much",1
"3026","Muhammadpur",1
"3027","mulfunction",1
"3028","multi-agency",1
"3029","Multi-utility",1
"3030","multicopters¬í",1
"3032","Multiple",1
"3033","munitions)",1
"3034","Musa",1
"3035","Museum's",1
"3036","N",1
"3037","N602RN",1
"3038","Namburu",1
"3039","named",1
"3040","Nangarhar",1
"3042","Natanz",1
"3045","Nav",1
"3047","navigating",1
"3051","navy",1
"3053","Navy""",1
"3055","NEAR",1
"3056","near-stall",1
"3058","nearly",1
"3059","necessary",1
"3060","need",1
"3061","needed",1
"3062","needle",1
"3064","neither",1
"3065","Ness",1
"3066","Nettuno",1
"3068","never",1
"3071","Newcastle",1
"3072","news",1
"3073","News",1
"3074","newspapers",1
"3075","next",1
"3077","Nigeria",1
"3079","nighttime",1
"3080","Nishant",1
"3081","Niti",1
"3082","NNE",1
"3086","Nobody",1
"3087","non-effective",1
"3088","non-populated",1
"3089","non-standard",1
"3090","noon",1
"3091","nor",1
"3093","normally",1
"3094","Normally",1
"3097","North-East",1
"3098","north-to-south",1
"3099","north-west",1
"3100","North""",1
"3102","Northeastern",1
"3105","Northrop",1
"3108","nose-dive",1
"3109","nose-first",1
"3110","nose-low",1
"3111","nosewheel",1
"3115","notable",1
"3117","Nothingham",1
"3118","noticed",1
"3120","Nottinghamshire",1
"3121","nought",1
"3123","now",1
"3124","Now""",1
"3126","nr1",1
"3129","Number",1
"3130","numerous",1
"3131","NV",1
"3132","NW",1
"3133","NY",1
"3135","objects",1
"3136","observed",1
"3138","Observer",1
"3140","occasionally",1
"3141","occasions",1
"3142","occupants",1
"3143","occured",1
"3145","occurrence",1
"3148","Octocopter",1
"3150","Odisha",1
"3152","Of",1
"3155","Off",1
"3158","officers",1
"3163","Ohio",1
"3165","Oil",1
"3167","oil/coolant",1
"3168","OILTEMP",1
"3169","OK",1
"3171","oleo",1
"3172","omni",1
"3177","Once",1
"3181","Ontario",1
"3185","operate",1
"3187","operates",1
"3189","Operating",1
"3195","Operations""",1
"3198","operator's",1
"3199","Operator's",1
"3202","opportunities",1
"3203","opportunity",1
"3204","opposite",1
"3205","opposition",1
"3206","option",1
"3209","orchard",1
"3212","ordnance",1
"3213","Organisation",1
"3215","orign",1
"3218","oscillations",1
"3222","others",1
"3223","Otushishte",1
"3226","Out",1
"3227","outer",1
"3228","Outer",1
"3231","Over",1
"3232","over-speed",1
"3234","over-water",1
"3235","overall",1
"3236","overflown",1
"3237","overflying",1
"3238","overhaul",1
"3240","overheating",1
"3241","Overide",1
"3242","overran",1
"3243","override",1
"3246","owned",1
"3247","ownership",1
"3248","P4781",1
"3249","PAC-3",1
"3250","Pacific",1
"3251","package",1
"3252","pad",1
"3256","painted",1
"3258","Pakistani",1
"3259","panel",1
"3260","Panel",1
"3262","parallel",1
"3263","parcel",1
"3264","parking",1
"3265","Parkmill",1
"3269","particulate",1
"3270","Partnership",1
"3272","party",1
"3273","pass",1
"3274","passage",1
"3275","Passing",1
"3277","patriot",1
"3279","patrol",1
"3280","Patroller",1
"3281","patrolling",1
"3282","patrolman",1
"3284","Patuxent",1
"3285","PAU",1
"3286","paved",1
"3287","payload",1
"3288","Payload",1
"3290","pending",1
"3291","Pentagon",1
"3292","people",1
"3293","People",1
"3294","People's",1
"3297","percent",1
"3299","Performance",1
"3300","performed",1
"3304","permanent",1
"3308","Personnel",1
"3310","Perunain",1
"3311","pest",1
"3312","Peter",1
"3314","photo-mapping",1
"3315","photo)",1
"3316","photograph",1
"3317","Photos",1
"3318","physical",1
"3319","pictures",1
"3320","piece",1
"3324","PILOT",1
"3325","pilot-less",1
"3331","pinhole",1
"3332","Pisa-headquartered",1
"3334","pistons",1
"3336","pitch/yaw",1
"3338","pitching",1
"3341","placed",1
"3344","plane""",1
"3346","Planned",1
"3347","plates",1
"3349","players",1
"3351","plug-in",1
"3352","plummet",1
"3354","pocket",1
"3358","Poland",1
"3359","Police",1
"3360","Policy",1
"3362","populated",1
"3363","port",1
"3364","portions",1
"3365","Portions",1
"3366","Portugal",1
"3368","positioned",1
"3369","positions",1
"3371","Possible",1
"3372","POSSIBLE",1
"3373","Possibly",1
"3376","postwar",1
"3377","potentially",1
"3378","pounds",1
"3380","Power",1
"3381","POWER",1
"3382","power-up",1
"3383","POWER;",1
"3384","POWERLINES",1
"3388","practise",1
"3389","pre-accident",1
"3391","pre-planned",1
"3393","precipitation",1
"3395","preferred",1
"3396","preflight",1
"3397","preliminary",1
"3398","Preliminary",1
"3399","PREP'D",1
"3402","prescribed",1
"3403","presence",1
"3404","presented",1
"3410","PRESSURE",1
"3411","pressure)",1
"3412","presumably",1
"3413","presumed/reported",1
"3414","pretty",1
"3415","prevailed",1
"3419","Previously",1
"3421","Prime",1
"3422","printed",1
"3424","Prior",1
"3425","PRIOR",1
"3427","pro-Russian",1
"3430","Probably",1
"3431","probe;",1
"3434","procedure",1
"3436","procedures""",1
"3438","produce",1
"3440","producing",1
"3442","proficiency",1
"3445","Program",1
"3448","programming",1
"3449","Programs",1
"3450","progressed",1
"3451","project",1
"3453","prolonged",1
"3454","promise",1
"3455","promised",1
"3456","pronounced",1
"3458","propellant",1
"3460","Propeller",1
"3461","proper",1
"3464","property¬î",1
"3465","prophetic",1
"3466","proposed",1
"3467","propulsion",1
"3468","PROPULSION",1
"3469","protection",1
"3470","Protection",1
"3471","Prototyp",1
"3474","providing",1
"3476","Province",1
"3477","Proving",1
"3478","provocation:",1
"3479","proximity",1
"3480","PSO-1",1
"3481","public",1
"3484","pulled",1
"3485","pump",1
"3486","purchased",1
"3487","purportedly",1
"3489","purposes",1
"3491","putting",1
"3493","Python",1
"3494","Python-4",1
"3495","Python-5",1
"3496","Q1020",1
"3497","QF-104",1
"3499","QF-4E",1
"3502","Queen",1
"3503","queried",1
"3504","quicker",1
"3505","quiet",1
"3506","quill",1
"3507","quite",1
"3508","Quneitra",1
"3510","r",1
"3511","R",1
"3512","R-23",1
"3513","R-27T",1
"3514","R-73)",1
"3515","R-73E",1
"3516","R60",1
"3519","racecourses",1
"3521","rack",1
"3522","RACK",1
"3524","Radar",1
"3526","Radio",1
"3527","Radio-controlled",1
"3529","radioed",1
"3530","Radlett)",1
"3533","RAF-2000",1
"3534","raid",1
"3535","raided",1
"3536","railway",1
"3537","Railway",1
"3538","rain",1
"3539","raising",1
"3540","Raja",1
"3541","Ramon",1
"3545","ranges",1
"3553","RB93",1
"3554","re",1
"3555","Re-Delivered",1
"3560","reactor",1
"3561","reading",1
"3562","ready",1
"3563","realised",1
"3564","realized",1
"3565","reaper",1
"3567","reappeared",1
"3568","rearward",1
"3571","Reason's",1
"3572","reasoning",1
"3574","Rebecca",1
"3577","Rebels",1
"3578","rebuilt",1
"3581","receiver",1
"3582","receives",1
"3583","reception",1
"3584","recognise",1
"3585","recognised",1
"3586","recognize",1
"3587","recognized",1
"3588","recommended",1
"3591","record",1
"3593","recorder",1
"3595","recoverable",1
"3597","RECOVERED",1
"3598","recovered;",1
"3602","RECOVERY;",1
"3603","red-highlighted",1
"3604","reducing",1
"3605","REDUNDANT",1
"3606","reel",1
"3608","referenced",1
"3612","Refulling",1
"3613","regain",1
"3614","regained",1
"3620","regularly",1
"3621","regulations",1
"3622","Regulations",1
"3625","Released",1
"3626","relics",1
"3627","relying",1
"3628","remain",1
"3631","remaining",1
"3633","REMAINS",1
"3635","remote-controlled",1
"3637","removal",1
"3638","removed",1
"3639","repair",1
"3641","repaired",1
"3644","repeated",1
"3645","replacing",1
"3648","report:",1
"3649","Report:",1
"3651","Reported",1
"3652","reported:",1
"3654","Reportedly",1
"3656","Reports",1
"3660","requirements",1
"3662","Rescue",1
"3665","resembled",1
"3666","reservation",1
"3667","Reservist",1
"3668","resolve",1
"3670","responded",1
"3671","responders",1
"3672","response",1
"3673","responsibility",1
"3675","responsible",1
"3677","restart",1
"3678","restarts",1
"3679","RESTED",1
"3680","restored",1
"3684","results",1
"3685","resumption",1
"3686","retrieve",1
"3687","retrieved",1
"3688","retrieving",1
"3693","RETURNING",1
"3695","review",1
"3696","Revolution",1
"3697","Revolutionary",1
"3698","rhe",1
"3700","ridge",1
"3701","riding",1
"3703","ripped",1
"3704","Rissington",1
"3706","riverside",1
"3707","RMAX",1
"3708","RN",1
"3710","road",1
"3711","Robert",1
"3712","robot",1
"3714","rocker",1
"3718","ROLL;",1
"3720","Rolls-Royce",1
"3724","roughly",1
"3725","routes",1
"3728","RPA",1
"3730","RPM)",1
"3731","RPMs",1
"3732","RQ-1B",1
"3733","RQ-1K",1
"3735","RQ-4B",1
"3737","RQ7B",1
"3740","rubbed",1
"3742","Rudron/Expeditor",1
"3743","rugged",1
"3746","running",1
"3749","RUNWAY;",1
"3750","RUNWAY/IMPACTED",1
"3751","rushed",1
"3753","Russia",1
"3755","Russian-manufactured",1
"3756","RW",1
"3759","S-100",1
"3760","S;",1
"3763","SA-8",1
"3764","safe",1
"3768","Safran",1
"3770","said:",1
"3771","said""",1
"3773","Saint-Mitre-les-Remparts",1
"3774","salvageable",1
"3778","same",1
"3779","samples",1
"3782","sank",1
"3784","sat",1
"3787","Saturday's",1
"3790","Saw",1
"3791","says",1
"3792","SB-17G",1
"3793","scale",1
"3794","scaled",1
"3795","scant",1
"3797","scenes",1
"3798","scheduled",1
"3800","school",1
"3801","School",1
"3803","Scouts",1
"3804","scrapped",1
"3805","screens",1
"3806","SCT150",1
"3807","scuttled",1
"3809","SD-150",1
"3810","SE",1
"3813","seabed",1
"3814","Search",1
"3818","Second",1
"3821","sector",1
"3825","seek",1
"3827","seen",1
"3828","Seidna",1
"3831","Selected",1
"3832","selection",1
"3833","Selex",1
"3834","Self-Defense",1
"3835","self-destruct",1
"3836","self-proclaimed",1
"3838","sensitive",1
"3841","Seoul",1
"3843","separatist",1
"3844","separatists",1
"3845","seperatists",1
"3848","Serbia",1
"3849","Serbian",1
"3852","seriously",1
"3853","serve",1
"3859","servo-failure",1
"3861","setback",1
"3863","settlement",1
"3864","seven",1
"3867","severed",1
"3868","severely",1
"3869","Seychelles",1
"3870","SEZ/FSIA",1
"3871","SHACK",1
"3872","Shadow",1
"3873","shaft",1
"3874","Shahed",1
"3875","Shahwala",1
"3876","shallow",1
"3877","Shaorts",1
"3878","shavings",1
"3879","Shawbury",1
"3881","Shekhar",1
"3882","Shigal",1
"3883","Shiite",1
"3884","Shindand",1
"3887","ship-based",1
"3889","shipments",1
"3890","Shoab",1
"3892","Shore",1
"3896","SHORT;",1
"3898","Shortly",1
"3899","SHORTLY",1
"3903","should",1
"3906","showing",1
"3907","shown",1
"3908","shows",1
"3909","Shropshire",1
"3910","Shush",1
"3913","Sicily",1
"3914","side",1
"3915","Siena",1
"3916","SIG",1
"3918","sight)",1
"3922","signed-off",1
"3923","significance",1
"3925","signs",1
"3926","Simpson",1
"3928","simulator",1
"3929","simultaneous",1
"3930","Since",1
"3931","single",1
"3932","Sistemi",1
"3937","sitting",1
"3939","situational",1
"3942","SK",1
"3943","skies",1
"3944","skirt",1
"3945","Skolkovo",1
"3947","Sky",1
"3948","Skyranger",1
"3949","slated",1
"3952","slippy",1
"3954","slowed",1
"3956","smooth",1
"3957","smuggle",1
"3958","snowdrift",1
"3960","so-called",1
"3961","Soar",1
"3962","SOC",1
"3964","soft",1
"3966","solar-powered",1
"3968","solely",1
"3969","soliders",1
"3971","Some",1
"3972","Somerset",1
"3973","something",1
"3974","somewhat",1
"3975","somewhere",1
"3976","soon",1
"3977","sophisticated",1
"3979","SORTIE;",1
"3981","sought",1
"3982","sound",1
"3983","sounding",1
"3988","south-to-north",1
"3989","south-west",1
"3993","southwestern",1
"3994","sovereignty",1
"3995","SOW/2nd",1
"3996","soya",1
"3997","space",1
"3998","span",1
"3999","spare",1
"4000","special",1
"4002","specialists",1
"4003","specific",1
"4005","specification",1
"4008","speed¬î",1
"4009","speeding",1
"4010","speeds",1
"4011","spike",1
"4013","spill",1
"4016","Spiralled",1
"4017","spiralling",1
"4018","SPLM-N",1
"4020","spokeswoman",1
"4021","sport",1
"4022","sports",1
"4023","spot",1
"4026","spying",1
"4029","Squadron)",1
"4031","SR9112798",1
"4033","stab",1
"4034","Stab",1
"4036","stability",1
"4038","stage",1
"4041","Stalled",1
"4042","stalling",1
"4044","stands",1
"4045","standstill",1
"4046","Stanytsia",1
"4048","start",1
"4055","State",1
"4060","states:",1
"4064","statment",1
"4065","stayed",1
"4066","staying",1
"4068","step",1
"4069","steps",1
"4071","stitches",1
"4072","stop",1
"4073","stopped",1
"4074","stopping",1
"4079","Strait",1
"4081","Strike",1
"4082","STRIKE;",1
"4083","strikes",1
"4086","stronghold",1
"4089","STRUCK",1
"4091","structure",1
"4092","Structurell",1
"4093","stuck",1
"4095","STUDENT",1
"4096","students",1
"4098","Su-25",1
"4101","substained",1
"4104","Substantially",1
"4105","subtential",1
"4106","success",1
"4113","suffer",1
"4116","sufficien",1
"4117","sufficient",1
"4118","sugar",1
"4119","suggest",1
"4121","Sukhoi",1
"4123","SUMMARY",1
"4124","sunshine",1
"4125","Superintendent",1
"4126","supersonic",1
"4127","supervision",1
"4128","supplies",1
"4131","suppression",1
"4133","SURFACE",1
"4135","surface;",1
"4137","surfaces",1
"4138","surplus",1
"4139","Surrey)",1
"4141","surveying",1
"4142","survive",1
"4143","survived",1
"4144","suspected",1
"4145","suspended",1
"4146","Sussex",1
"4149","sustained:",1
"4150","sustaining",1
"4152","SW2",1
"4153","Swansea",1
"4155","swerved",1
"4159","switches",1
"4161","Switzerland",1
"4162","SyAAF",1
"4164","Syria""",1
"4166","syste",1
"4171","SYSTEMS",1
"4172","t",1
"4173","T/O",1
"4175","T92",1
"4176","Taas",1
"4177","Tactical",1
"4179","tailboard",1
"4180","tails",1
"4181","tailwind",1
"4184","Take-off",1
"4186","taken",1
"4189","takeoffs",1
"4193","Tangmere",1
"4197","targeted",1
"4198","targeting",1
"4201","tat",1
"4204","TB-2S",1
"4205","TB2",1
"4206","TDA",1
"4207","teachers",1
"4210","Technical",1
"4211","technicals",1
"4212","technician",1
"4213","technology",1
"4214","Technology",1
"4215","telemetry",1
"4217","TEMP",1
"4219","temperatures",1
"4220","tempo",1
"4221","temporary",1
"4222","terminated",1
"4223","termination",1
"4224","Termination",1
"4229","territory""",1
"4232","Testbed",1
"4233","tested",1
"4236","tests:",1
"4237","tests)",1
"4244","THE",1
"4245","Theater",1
"4247","theirs",1
"4250","Then",1
"4254","thermal",1
"4256","These",1
"4258","they¬íd",1
"4263","Three",1
"4264","threshold",1
"4265","throttle",1
"4266","Throttles",1
"4270","THRUST;",1
"4272","thunderstorm",1
"4274","thus",1
"4275","tilted",1
"4278","time-line",1
"4279","time-span",1
"4281","tips",1
"4282","Title",1
"4286","today",1
"4287","together",1
"4289","told",1
"4290","ton",1
"4293","torque",1
"4295","total-loss",1
"4296","totally",1
"4297","touch",1
"4298","TOUCHDOWN",1
"4299","TOUCHDOWN;",1
"4301","Touched",1
"4304","Towing",1
"4306","TPE331-10",1
"4307","traces",1
"4308","track",1
"4309","tracked",1
"4310","tracking",1
"4314","TRAINING;",1
"4322","transmitters",1
"4326","transporting",1
"4327","Trapani",1
"4330","trees",1
"4332","trial",1
"4334","trials;",1
"4339","Triton",1
"4340","Trollh√§ttan",1
"4341","troubleshooting",1
"4343","trying",1
"4344","Tu-143",1
"4345","TUAS)",1
"4346","Tucson",1
"4347","Tuesday",1
"4348","tumble",1
"4349","Tupolev",1
"4351","TURBO",1
"4352","Turbo-charger",1
"4354","TURBOCHARGER",1
"4355","turboprop",1
"4357","Turgoose",1
"4359","Turkey)",1
"4368","type!",1
"4371","U-TacS",1
"4372","U$$",1
"4374","U10First",1
"4376","U15",1
"4378","U16:",1
"4379","U16s",1
"4380","U21",1
"4382","U9s",1
"4384","UA's",1
"4385","UAE",1
"4388","UAV)",1
"4390","UCAV",1
"4391","UK",1
"4393","Ukraine""",1
"4394","Ukraine¬ís",1
"4396","Ulan-Ude",1
"4398","UN",1
"4400","un-piloted",1
"4403","unaccounted",1
"4405","uncommand",1
"4408","unconfirmed",1
"4409","uncontrolled",1
"4410","UNCONTROLLED",1
"4413","under-performing",1
"4414","undergrowth",1
"4415","underslung-load",1
"4416","underwent",1
"4417","undetermined",1
"4419","undue",1
"4420","uneventful",1
"4421","uneventfully",1
"4422","unforecasted",1
"4425","unintentional",1
"4427","Unit's",1
"4430","units",1
"4433","Unknown",1
"4435","unknown)",1
"4436","unkown",1
"4439","UNMANNED",1
"4440","unphased",1
"4443","unrepairable",1
"4444","unresolved",1
"4445","unsuccessful",1
"4448","UP",1
"4449","up""",1
"4450","updated",1
"4451","uplink",1
"4453","Upon",1
"4454","ups",1
"4455","Upwood",1
"4459","USAFE",1
"4462","Ushakivka",1
"4463","ushered",1
"4465","Using",1
"4467","UTacS/",1
"4468","utilized",1
"4469","UVI",1
"4471","value",1
"4474","valves",1
"4475","variable",1
"4476","Variable",1
"4477","variably",1
"4478","vectored",1
"4480","veering",1
"4483","Vehicle)",1
"4485","Vehicles",1
"4486","venture",1
"4487","venue",1
"4488","vertical",1
"4490","VH-HDP",1
"4491","VH-HDW",1
"4492","via",1
"4493","vibration",1
"4495","victim",1
"4497","Video",1
"4498","video-image",1
"4499","view",1
"4500","viewed",1
"4502","villages",1
"4503","Vincenzo",1
"4504","violate",1
"4506","violently",1
"4507","visibility",1
"4508","Visibility",1
"4509","visible",1
"4510","Vissla",1
"4511","visual",1
"4512","Visual",1
"4513","VM-HDP",1
"4514","VM-HDP)",1
"4515","VM-HDQ",1
"4516","VM-HDT",1
"4518","volt",1
"4520","W-151",1
"4521","WA982",1
"4522","Waddenzee",1
"4523","Wadi",1
"4525","wall",1
"4526","wanted",1
"4528","warned",1
"4531","warning;",1
"4532","warplane",1
"4533","warship",1
"4536","was:",1
"4537","wash",1
"4544","WATER;",1
"4545","water""",1
"4549","WD929",1
"4550","WD941/591",1
"4551","WD961",1
"4552","We¬íve",1
"4553","WE889)",1
"4554","WE932:",1
"4555","WE934:",1
"4556","WE960:",1
"4557","WE962:",1
"4558","weapon",1
"4562","Weather",1
"4563","website",1
"4564","Wednesday",1
"4565","weighing",1
"4566","Weighing",1
"4568","weight",1
"4569","weight)",1
"4572","Went",1
"4573","WENT",1
"4578","west-northwest",1
"4579","West-South-West",1
"4580","WF681:",1
"4581","WF750",1
"4582","WG",1
"4583","WG)",1
"4584","WH469",1
"4585","WH652",1
"4586","WH704/594",1
"4587","WH705",1
"4588","WH705:",1
"4589","WH720/592",1
"4590","WH720/593",1
"4591","WH729",1
"4592","WH733",1
"4593","WH742",1
"4594","WH860",1
"4595","WH876/595",1
"4596","WH885",1
"4598","what",1
"4609","white",1
"4613","Whitworth",1
"4615","whole",1
"4616","why",1
"4617","wide",1
"4618","wildlife",1
"4620","Wiltshire",1
"4622","winds",1
"4625","wing-mounted",1
"4628","wiring",1
"4629","witch",1
"4631","WITH",1
"4633","withheld",1
"4634","withheld""",1
"4637","witness",1
"4638","WJ621",1
"4639","WJ623",1
"4640","WJ638/593",1
"4641","WJ987",1
"4642","WK107",1
"4643","WK110",1
"4645","WK795:",1
"4646","WK812:",1
"4647","WK949:",1
"4650","wore",1
"4652","worker",1
"4654","workload",1
"4656","world¬î",1
"4657","worth",1
"4660","wreck",1
"4663","WRECKAGE",1
"4664","Wright-Patterson",1
"4665","write",1
"4669","WX;",1
"4670","Wyndham",1
"4672","X-56A",1
"4673","X7",1
"4674","Yasir",1
"4676","Yemini",1
"4677","yesterday",1
"4679","Yilmaz",1
"4680","Yorkshire",1
"4681","you",1
"4682","Yuma",1
"4683","Yuneec",1
"4684","zero",1
"4685","zero""",1
"4686","Zinki""",1
"4688","Zulfiqar)",1
"4689","zulu",1
